,Distrito Sanitário,Unidade,Serviços Oferecidos,Tipo de Unidade,lat,long
0,Leste,CAPS AD II LESTE,Consulta Clinico Geral,CENTRO DE ATENÇÃO PSICOSSOCIAL,-5.7868818,-35.2002449
1,Leste,CAPS AD II LESTE,Consulta Enfermagem,CENTRO DE ATENÇÃO PSICOSSOCIAL,-5.7868818,-35.2002449
2,Leste,CAPS AD II LESTE,Consulta Nutrição,CENTRO DE ATENÇÃO PSICOSSOCIAL,-5.7868818,-35.2002449
3,Leste,CAPS AD II LESTE,Consulta de Psicologia,CENTRO DE ATENÇÃO PSICOSSOCIAL,-5.7868818,-35.2002449
4,Leste,CAPS AD II LESTE,Consulta Assistente Social,CENTRO DE ATENÇÃO PSICOSSOCIAL,-5.7868818,-35.2002449
5,Leste,CAPS AD II LESTE,Vivências lúdicas integrativas,CENTRO DE ATENÇÃO PSICOSSOCIAL,-5.7868818,-35.2002449
6,Leste,CAPS AD II LESTE,Atividade Física,CENTRO DE ATENÇÃO PSICOSSOCIAL,-5.7868818,-35.2002449
7,Leste,CAPS AD II LESTE,Psiquiatria,CENTRO DE ATENÇÃO PSICOSSOCIAL,-5.7868818,-35.2002449
8,Leste,CAPS AD II LESTE,Geriatria,CENTRO DE ATENÇÃO PSICOSSOCIAL,-5.7868818,-35.2002449
9,Leste,CAPS AD II LESTE,Internação em clínica médica,CENTRO DE ATENÇÃO PSICOSSOCIAL,-5.7868818,-35.2002449
10,Leste,CAPS AD II LESTE,Atend. Urgência / Atenção Espec.,CENTRO DE ATENÇÃO PSICOSSOCIAL,-5.7868818,-35.2002449
11,Leste,CENTRO DE ESPECIALIDADES INTEGRADAS LESTE I,Teste Rápido,POLICLINICA,-5.7938868,-35.2153725
12,Leste,CENTRO DE ESPECIALIDADES INTEGRADAS LESTE I,Consulta Clinico Geral,POLICLINICA,-5.7938868,-35.2153725
13,Leste,CENTRO DE ESPECIALIDADES INTEGRADAS LESTE I,Consulta Ginecologia,POLICLINICA,-5.7938868,-35.2153725
14,Leste,CENTRO DE ESPECIALIDADES INTEGRADAS LESTE I,Consulta Enfermagem,POLICLINICA,-5.7938868,-35.2153725
15,Leste,CENTRO DE ESPECIALIDADES INTEGRADAS LESTE I,Consulta Assistente Social,POLICLINICA,-5.7938868,-35.2153725
16,Leste,CENTRO DE ESPECIALIDADES INTEGRADAS LESTE I,Fitoterapia,POLICLINICA,-5.7938868,-35.2153725
17,Leste,CENTRO DE ESPECIALIDADES INTEGRADAS LESTE I,Realização de exames laboratoriais,POLICLINICA,-5.7938868,-35.2153725
18,Leste,CENTRO DE ESPECIALIDADES INTEGRADAS LESTE I,Pequenas Cirurgias,POLICLINICA,-5.7938868,-35.2153725
19,Leste,CENTRO DE ESPECIALIDADES INTEGRADAS LESTE I,Psiquiatria,POLICLINICA,-5.7938868,-35.2153725
20,Leste,CENTRO DE ESPECIALIDADES INTEGRADAS LESTE I,Ultra - Membros / articulações,POLICLINICA,-5.7938868,-35.2153725
21,Leste,CENTRO DE ESPECIALIDADES INTEGRADAS LESTE I,Cardiologia,POLICLINICA,-5.7938868,-35.2153725
22,Leste,CENTRO DE ESPECIALIDADES INTEGRADAS LESTE I,Dermatologia,POLICLINICA,-5.7938868,-35.2153725
23,Leste,CENTRO DE ESPECIALIDADES INTEGRADAS LESTE I,Endrocrinologia,POLICLINICA,-5.7938868,-35.2153725
24,Leste,CENTRO DE ESPECIALIDADES INTEGRADAS LESTE I,Reumatologia,POLICLINICA,-5.7938868,-35.2153725
25,Leste,CENTRO DE ESPECIALIDADES INTEGRADAS LESTE I,Mastologista,POLICLINICA,-5.7938868,-35.2153725
26,Leste,CENTRO DE ESPECIALIDADES INTEGRADAS LESTE I,Neurologista,POLICLINICA,-5.7938868,-35.2153725
27,Leste,CENTRO DE ESPECIALIDADES INTEGRADAS LESTE I,Oftalmologista,POLICLINICA,-5.7938868,-35.2153725
28,Leste,CENTRO DE ESPECIALIDADES INTEGRADAS LESTE I,Ortopedista,POLICLINICA,-5.7938868,-35.2153725
29,Leste,CENTRO DE ESPECIALIDADES INTEGRADAS LESTE I,Otorrino,POLICLINICA,-5.7938868,-35.2153725
30,Leste,CENTRO DE ESPECIALIDADES INTEGRADAS LESTE I,Alergologista,POLICLINICA,-5.7938868,-35.2153725
31,Leste,CENTRO DE ESPECIALIDADES INTEGRADAS LESTE I,Angiologista,POLICLINICA,-5.7938868,-35.2153725
32,Leste,CENTRO DE ESPECIALIDADES INTEGRADAS LESTE I,Pneumologista,POLICLINICA,-5.7938868,-35.2153725
33,Leste,CENTRO DE ESPECIALIDADES INTEGRADAS LESTE I,Proctologista,POLICLINICA,-5.7938868,-35.2153725
34,Leste,CENTRO DE ESPECIALIDADES INTEGRADAS LESTE I,Terapeuta Oculpacional,POLICLINICA,-5.7938868,-35.2153725
35,Leste,CENTRO DE ESPECIALIDADES INTEGRADAS LESTE I,Eletrocardiograma,POLICLINICA,-5.7938868,-35.2153725
36,Leste,CENTRO DE ESPECIALIDADES INTEGRADAS LESTE I,Fundoscopia,POLICLINICA,-5.7938868,-35.2153725
37,Leste,CENTRO DE ESPECIALIDADES INTEGRADAS LESTE I,Laringoscopia,POLICLINICA,-5.7938868,-35.2153725
38,Leste,CENTRO DE ESPECIALIDADES INTEGRADAS LESTE I,Dispensação de Insulina,POLICLINICA,-5.7938868,-35.2153725
39,Leste,CENTRO DE ESPECIALIDADES INTEGRADAS LESTE I,Ultrasonografia vaginal,POLICLINICA,-5.7938868,-35.2153725
40,Leste,CENTRO DE ESPECIALIDADES INTEGRADAS LESTE I,Ultra próstata,POLICLINICA,-5.7938868,-35.2153725
41,Leste,CENTRO DE ESPECIALIDADES INTEGRADAS LESTE I,Ultra abdomem,POLICLINICA,-5.7938868,-35.2153725
42,Leste,CENTRO DE REF DE ATENCAO AO IDOSO,Consulta Enfermagem,CLÍNICA/CENTRO DE ESPECIALIDADO,-16.6813409,-49.3111501
43,Leste,CENTRO DE REF DE ATENCAO AO IDOSO,Consulta Nutrição,CLÍNICA/CENTRO DE ESPECIALIDADO,-16.6813409,-49.3111501
44,Leste,CENTRO DE REF DE ATENCAO AO IDOSO,Consulta de Psicologia,CLÍNICA/CENTRO DE ESPECIALIDADO,-16.6813409,-49.3111501
45,Leste,CENTRO DE REF DE ATENCAO AO IDOSO,Consulta Assistente Social,CLÍNICA/CENTRO DE ESPECIALIDADO,-16.6813409,-49.3111501
46,Leste,CENTRO DE REF DE ATENCAO AO IDOSO,Realização de exames laboratoriais,CLÍNICA/CENTRO DE ESPECIALIDADO,-16.6813409,-49.3111501
47,Leste,CENTRO DE REF DE ATENCAO AO IDOSO,Psiquiatria,CLÍNICA/CENTRO DE ESPECIALIDADO,-16.6813409,-49.3111501
48,Leste,CENTRO DE REF DE ATENCAO AO IDOSO,Cardiologia,CLÍNICA/CENTRO DE ESPECIALIDADO,-16.6813409,-49.3111501
49,Leste,CENTRO DE REF DE ATENCAO AO IDOSO,Reumatologia,CLÍNICA/CENTRO DE ESPECIALIDADO,-16.6813409,-49.3111501
50,Leste,CENTRO DE REF DE ATENCAO AO IDOSO,Neurologista,CLÍNICA/CENTRO DE ESPECIALIDADO,-16.6813409,-49.3111501
51,Leste,CENTRO DE REF DE ATENCAO AO IDOSO,Oftalmologista,CLÍNICA/CENTRO DE ESPECIALIDADO,-16.6813409,-49.3111501
52,Leste,CENTRO DE REF DE ATENCAO AO IDOSO,Terapeuta Oculpacional,CLÍNICA/CENTRO DE ESPECIALIDADO,-16.6813409,-49.3111501
53,Leste,CENTRO DE REF DE ATENCAO AO IDOSO,SAD,CLÍNICA/CENTRO DE ESPECIALIDADO,-16.6813409,-49.3111501
54,Leste,CENTRO DE REF DE ATENCAO AO IDOSO,Eletrocardiograma,CLÍNICA/CENTRO DE ESPECIALIDADO,-16.6813409,-49.3111501
55,Leste,CENTRO DE REF DE ATENCAO AO IDOSO,Fundoscopia,CLÍNICA/CENTRO DE ESPECIALIDADO,-16.6813409,-49.3111501
56,Leste,UNIDADE MISTA DE MAE LUIZA,Imunização,UNIDADE MISTA ,-5.7935908,-35.1900281
57,Leste,UNIDADE MISTA DE MAE LUIZA,Curativo,UNIDADE MISTA ,-5.7935908,-35.1900281
58,Leste,UNIDADE MISTA DE MAE LUIZA,Nebulização,UNIDADE MISTA ,-5.7935908,-35.1900281
59,Leste,UNIDADE MISTA DE MAE LUIZA,Retirada de Pontos,UNIDADE MISTA ,-5.7935908,-35.1900281
60,Leste,UNIDADE MISTA DE MAE LUIZA,Teste do Pezinho,UNIDADE MISTA ,-5.7935908,-35.1900281
61,Leste,UNIDADE MISTA DE MAE LUIZA,Exame Citopatológico do Colo de Útero (Preventivo),UNIDADE MISTA ,-5.7935908,-35.1900281
62,Leste,UNIDADE MISTA DE MAE LUIZA,PPD,UNIDADE MISTA ,-5.7935908,-35.1900281
63,Leste,UNIDADE MISTA DE MAE LUIZA,BCG,UNIDADE MISTA ,-5.7935908,-35.1900281
64,Leste,UNIDADE MISTA DE MAE LUIZA,Aplicação de Vitamina A,UNIDADE MISTA ,-5.7935908,-35.1900281
65,Leste,UNIDADE MISTA DE MAE LUIZA,Distribuição de Suplemento Sulfato Ferroso,UNIDADE MISTA ,-5.7935908,-35.1900281
66,Leste,UNIDADE MISTA DE MAE LUIZA,Teste Rápido,UNIDADE MISTA ,-5.7935908,-35.1900281
67,Leste,UNIDADE MISTA DE MAE LUIZA,Sorologia de gestantes,UNIDADE MISTA ,-5.7935908,-35.1900281
68,Leste,UNIDADE MISTA DE MAE LUIZA,Emissão do Cartão SUS,UNIDADE MISTA ,-5.7935908,-35.1900281
69,Leste,UNIDADE MISTA DE MAE LUIZA,Consulta Clinico Geral,UNIDADE MISTA ,-5.7935908,-35.1900281
70,Leste,UNIDADE MISTA DE MAE LUIZA,Consulta Pediatria,UNIDADE MISTA ,-5.7935908,-35.1900281
71,Leste,UNIDADE MISTA DE MAE LUIZA,Consulta Ginecologia,UNIDADE MISTA ,-5.7935908,-35.1900281
72,Leste,UNIDADE MISTA DE MAE LUIZA,Consulta Enfermagem,UNIDADE MISTA ,-5.7935908,-35.1900281
73,Leste,UNIDADE MISTA DE MAE LUIZA,Consulta Odontologica,UNIDADE MISTA ,-5.7935908,-35.1900281
74,Leste,UNIDADE MISTA DE MAE LUIZA,Consulta Nutrição,UNIDADE MISTA ,-5.7935908,-35.1900281
75,Leste,UNIDADE MISTA DE MAE LUIZA,Consulta Assistente Social,UNIDADE MISTA ,-5.7935908,-35.1900281
76,Leste,UNIDADE MISTA DE MAE LUIZA,Grupo de Adolescente (Escola),UNIDADE MISTA ,-5.7935908,-35.1900281
77,Leste,UNIDADE MISTA DE MAE LUIZA,Grupo de Gestantes,UNIDADE MISTA ,-5.7935908,-35.1900281
78,Leste,UNIDADE MISTA DE MAE LUIZA,CD Coletivo,UNIDADE MISTA ,-5.7935908,-35.1900281
79,Leste,UNIDADE MISTA DE MAE LUIZA,Consultório na Rua,UNIDADE MISTA ,-5.7935908,-35.1900281
80,Leste,UNIDADE MISTA DE MAE LUIZA,Realização de exames laboratoriais,UNIDADE MISTA ,-5.7935908,-35.1900281
81,Leste,UNIDADE MISTA DE MAE LUIZA,Pequenas Cirurgias,UNIDADE MISTA ,-5.7935908,-35.1900281
82,Leste,UNIDADE MISTA DE MAE LUIZA,Urgência na Atenção Básica,UNIDADE MISTA ,-5.7935908,-35.1900281
83,Norte I,UPA 24H DE PAJUCARA,Nebulização,HOSPITAL ESPECIALIZADO,-5.722643,-35.242703
84,Norte I,UPA 24H DE PAJUCARA,Consulta Pediatria,HOSPITAL ESPECIALIZADO,-5.722643,-35.242703
85,Norte I,UPA 24H DE PAJUCARA,Consulta Odontologica,HOSPITAL ESPECIALIZADO,-5.722643,-35.242703
86,Norte I,UPA 24H DE PAJUCARA,Consulta Assistente Social,HOSPITAL ESPECIALIZADO,-5.722643,-35.242703
87,Norte I,UPA 24H DE PAJUCARA,Laboratório,HOSPITAL ESPECIALIZADO,-5.722643,-35.242703
88,Norte I,UPA 24H DE PAJUCARA,Eletrocardiograma,HOSPITAL ESPECIALIZADO,-5.722643,-35.242703
89,Norte I,UPA 24H DE PAJUCARA,Radiografia,HOSPITAL ESPECIALIZADO,-5.722643,-35.242703
90,Norte I,UPA 24H DE PAJUCARA,Sutura,HOSPITAL ESPECIALIZADO,-5.722643,-35.242703
91,Norte I,UPA 24H DE PAJUCARA,Clínica Médica,HOSPITAL ESPECIALIZADO,-5.722643,-35.242703
92,Norte I,UPA 24H DE PAJUCARA,Transfusão de Hemácias,HOSPITAL ESPECIALIZADO,-5.722643,-35.242703
93,Norte II,CAPS AD II NORTE,,CENTRO DE ATENÇÃO PSICOSSOCIAL,-5.7633416,-35.2606596
94,Norte II,MATERNIDADE PROFESSOR LEIDE MORAIS,,HOSPITAL ESPECIALIZADO,-5.7542181,-35.2627792
95,Norte II,POLICLINICA NORTE II,,POLICLINICA,-5.7608048,-35.2503731
96,Oeste,CAPS II INFANTIL,Consulta Enfermagem,CENTRO DE ATENÇÃO PSICOSSOCIAL,-23.4012093,-46.7516689
97,Oeste,CAPS II INFANTIL,Consulta Nutrição,CENTRO DE ATENÇÃO PSICOSSOCIAL,-23.4012093,-46.7516689
98,Oeste,CAPS II INFANTIL,Vivências lúdicas integrativas,CENTRO DE ATENÇÃO PSICOSSOCIAL,-23.4012093,-46.7516689
99,Oeste,CAPS II INFANTIL,Atividade Física,CENTRO DE ATENÇÃO PSICOSSOCIAL,-23.4012093,-46.7516689
100,Oeste,CAPS II INFANTIL,Terapeuta Oculpacional,CENTRO DE ATENÇÃO PSICOSSOCIAL,-23.4012093,-46.7516689
101,Oeste,CAPS II INFANTIL,Grupo Terapêutico,CENTRO DE ATENÇÃO PSICOSSOCIAL,-23.4012093,-46.7516689
102,Oeste,CAPS II INFANTIL,Grupo de Família,CENTRO DE ATENÇÃO PSICOSSOCIAL,-23.4012093,-46.7516689
103,Oeste,CAPS II INFANTIL,Consultas psiquiátricas,CENTRO DE ATENÇÃO PSICOSSOCIAL,-23.4012093,-46.7516689
104,Oeste,CAPS II INFANTIL,Arte Educador,CENTRO DE ATENÇÃO PSICOSSOCIAL,-23.4012093,-46.7516689
105,Oeste,CAPS II INFANTIL,Fonoaudiólogo,CENTRO DE ATENÇÃO PSICOSSOCIAL,-23.4012093,-46.7516689
106,Oeste,CAPS II INFANTIL,Farmacêutico,CENTRO DE ATENÇÃO PSICOSSOCIAL,-23.4012093,-46.7516689
107,Oeste,CAPS II OESTE,Grupo de Caminhada,CENTRO DE ATENÇÃO PSICOSSOCIAL,-5.8153988,-35.2189038
108,Oeste,CAPS II OESTE,Grupo Terapêutico,CENTRO DE ATENÇÃO PSICOSSOCIAL,-5.8153988,-35.2189038
109,Oeste,CAPS II OESTE,Grupo de Família,CENTRO DE ATENÇÃO PSICOSSOCIAL,-5.8153988,-35.2189038
110,Oeste,CAPS II OESTE,Grupo não intensivo,CENTRO DE ATENÇÃO PSICOSSOCIAL,-5.8153988,-35.2189038
111,Oeste,CAPS II OESTE,Assembléias,CENTRO DE ATENÇÃO PSICOSSOCIAL,-5.8153988,-35.2189038
112,Oeste,CAPS II OESTE,Oficiana de expressão corporal,CENTRO DE ATENÇÃO PSICOSSOCIAL,-5.8153988,-35.2189038
113,Oeste,CAPS II OESTE,Oficina de beleza,CENTRO DE ATENÇÃO PSICOSSOCIAL,-5.8153988,-35.2189038
114,Oeste,CAPS II OESTE,Oficina de escrita,CENTRO DE ATENÇÃO PSICOSSOCIAL,-5.8153988,-35.2189038
115,Oeste,CAPS II OESTE,Passeios,CENTRO DE ATENÇÃO PSICOSSOCIAL,-5.8153988,-35.2189038
116,Oeste,CAPS II OESTE,Atendimento Psicológico Individual,CENTRO DE ATENÇÃO PSICOSSOCIAL,-5.8153988,-35.2189038
117,Oeste,CAPS II OESTE,Consultas psiquiátricas,CENTRO DE ATENÇÃO PSICOSSOCIAL,-5.8153988,-35.2189038
118,Oeste,CAPS II OESTE,Encontro de ideias,CENTRO DE ATENÇÃO PSICOSSOCIAL,-5.8153988,-35.2189038
119,Oeste,CAPS II OESTE,Oficina de música,CENTRO DE ATENÇÃO PSICOSSOCIAL,-5.8153988,-35.2189038
120,Oeste,MATERNIDADE DAS QUINTAS,Imunização,HOSPITAL ESPECIALIZADO,-5.799117,-35.2346994
121,Oeste,MATERNIDADE DAS QUINTAS,Retirada de Pontos,HOSPITAL ESPECIALIZADO,-5.799117,-35.2346994
122,Oeste,MATERNIDADE DAS QUINTAS,Exame Citopatológico do Colo de Útero (Preventivo),HOSPITAL ESPECIALIZADO,-5.799117,-35.2346994
123,Oeste,MATERNIDADE DAS QUINTAS,BCG,HOSPITAL ESPECIALIZADO,-5.799117,-35.2346994
124,Oeste,MATERNIDADE DAS QUINTAS,Aplicação de Vitamina A,HOSPITAL ESPECIALIZADO,-5.799117,-35.2346994
125,Oeste,MATERNIDADE DAS QUINTAS,Distribuição de Suplemento Sulfato Ferroso,HOSPITAL ESPECIALIZADO,-5.799117,-35.2346994
126,Oeste,MATERNIDADE DAS QUINTAS,Teste Rápido,HOSPITAL ESPECIALIZADO,-5.799117,-35.2346994
127,Oeste,MATERNIDADE DAS QUINTAS,Sorologia de gestantes,HOSPITAL ESPECIALIZADO,-5.799117,-35.2346994
128,Oeste,MATERNIDADE DAS QUINTAS,Emissão do Cartão SUS,HOSPITAL ESPECIALIZADO,-5.799117,-35.2346994
129,Oeste,MATERNIDADE DAS QUINTAS,Consulta Enfermagem,HOSPITAL ESPECIALIZADO,-5.799117,-35.2346994
130,Oeste,MATERNIDADE DAS QUINTAS,Consulta Odontologica,HOSPITAL ESPECIALIZADO,-5.799117,-35.2346994
131,Oeste,MATERNIDADE DAS QUINTAS,Consulta Nutrição,HOSPITAL ESPECIALIZADO,-5.799117,-35.2346994
132,Oeste,MATERNIDADE DAS QUINTAS,Consulta Assistente Social,HOSPITAL ESPECIALIZADO,-5.799117,-35.2346994
133,Oeste,MATERNIDADE DAS QUINTAS,Colposcopia,HOSPITAL ESPECIALIZADO,-5.799117,-35.2346994
134,Oeste,POLICLINICA OESTE,Imunização,POLICLINICA,-5.8256476,-35.235814
135,Oeste,POLICLINICA OESTE,Exame Citopatológico do Colo de Útero (Preventivo),POLICLINICA,-5.8256476,-35.235814
136,Oeste,POLICLINICA OESTE,Consulta Pediatria,POLICLINICA,-5.8256476,-35.235814
137,Oeste,POLICLINICA OESTE,Consulta Ginecologia,POLICLINICA,-5.8256476,-35.235814
138,Oeste,POLICLINICA OESTE,Consulta Enfermagem,POLICLINICA,-5.8256476,-35.235814
139,Oeste,POLICLINICA OESTE,Consulta Odontologica,POLICLINICA,-5.8256476,-35.235814
140,Oeste,POLICLINICA OESTE,Consulta Nutrição,POLICLINICA,-5.8256476,-35.235814
141,Oeste,POLICLINICA OESTE,Consulta de Psicologia,POLICLINICA,-5.8256476,-35.235814
142,Oeste,POLICLINICA OESTE,Consulta Assistente Social,POLICLINICA,-5.8256476,-35.235814
143,Oeste,POLICLINICA OESTE,Terapia Ocupacional,POLICLINICA,-5.8256476,-35.235814
144,Oeste,POLICLINICA OESTE,Realização de exames laboratoriais,POLICLINICA,-5.8256476,-35.235814
145,Oeste,POLICLINICA OESTE,Pequenas Cirurgias,POLICLINICA,-5.8256476,-35.235814
146,Oeste,POLICLINICA OESTE,Cardiologia,POLICLINICA,-5.8256476,-35.235814
147,Oeste,POLICLINICA OESTE,Dermatologia,POLICLINICA,-5.8256476,-35.235814
148,Oeste,POLICLINICA OESTE,Endrocrinologia,POLICLINICA,-5.8256476,-35.235814
149,Oeste,POLICLINICA OESTE,Reumatologia,POLICLINICA,-5.8256476,-35.235814
150,Oeste,POLICLINICA OESTE,Mastologista,POLICLINICA,-5.8256476,-35.235814
151,Oeste,POLICLINICA OESTE,Neurologista,POLICLINICA,-5.8256476,-35.235814
152,Oeste,POLICLINICA OESTE,Oftalmologista,POLICLINICA,-5.8256476,-35.235814
153,Oeste,POLICLINICA OESTE,Ortopedista,POLICLINICA,-5.8256476,-35.235814
154,Oeste,POLICLINICA OESTE,Otorrino,POLICLINICA,-5.8256476,-35.235814
155,Oeste,POLICLINICA OESTE,Urologia,POLICLINICA,-5.8256476,-35.235814
156,Oeste,POLICLINICA OESTE,Eletrocardiograma,POLICLINICA,-5.8256476,-35.235814
157,Oeste,POLICLINICA OESTE,Fundoscopia,POLICLINICA,-5.8256476,-35.235814
158,Oeste,POLICLINICA OESTE,Laringoscopia,POLICLINICA,-5.8256476,-35.235814
159,Oeste,POLICLINICA OESTE,Radiografia,POLICLINICA,-5.8256476,-35.235814
160,Oeste,POLICLINICA OESTE,Ultra próstata,POLICLINICA,-5.8256476,-35.235814
161,Oeste,POLICLINICA OESTE,Consultas psiquiátricas,POLICLINICA,-5.8256476,-35.235814
162,Oeste,POLICLINICA OESTE,Clínica Médica,POLICLINICA,-5.8256476,-35.235814
163,Oeste,POLICLINICA OESTE,Cateterismo vesical,POLICLINICA,-5.8256476,-35.235814
164,Oeste,POLICLINICA OESTE,Tratamento de Psoríase,POLICLINICA,-5.8256476,-35.235814
165,Oeste,PRONTO ATENDIMENTO INFANTIL SANDRA CELESTE,Imunização,PRONTO ATENDIMENTO,-5.8281145,-35.2219302
166,Oeste,PRONTO ATENDIMENTO INFANTIL SANDRA CELESTE,Consulta Pediatria,PRONTO ATENDIMENTO,-5.8281145,-35.2219302
167,Oeste,PRONTO ATENDIMENTO INFANTIL SANDRA CELESTE,Consulta Enfermagem,PRONTO ATENDIMENTO,-5.8281145,-35.2219302
168,Oeste,PRONTO ATENDIMENTO INFANTIL SANDRA CELESTE,Consulta Odontologica,PRONTO ATENDIMENTO,-5.8281145,-35.2219302
169,Oeste,PRONTO ATENDIMENTO INFANTIL SANDRA CELESTE,Consulta Nutrição,PRONTO ATENDIMENTO,-5.8281145,-35.2219302
170,Oeste,PRONTO ATENDIMENTO INFANTIL SANDRA CELESTE,Consulta de Psicologia,PRONTO ATENDIMENTO,-5.8281145,-35.2219302
171,Oeste,PRONTO ATENDIMENTO INFANTIL SANDRA CELESTE,Consulta Assistente Social,PRONTO ATENDIMENTO,-5.8281145,-35.2219302
172,Oeste,PRONTO ATENDIMENTO INFANTIL SANDRA CELESTE,Realização de exames laboratoriais,PRONTO ATENDIMENTO,-5.8281145,-35.2219302
173,Oeste,PRONTO ATENDIMENTO INFANTIL SANDRA CELESTE,Neurologista,PRONTO ATENDIMENTO,-5.8281145,-35.2219302
174,Oeste,PRONTO ATENDIMENTO INFANTIL SANDRA CELESTE,Ortopedista,PRONTO ATENDIMENTO,-5.8281145,-35.2219302
175,Oeste,PRONTO ATENDIMENTO INFANTIL SANDRA CELESTE,Alergologista,PRONTO ATENDIMENTO,-5.8281145,-35.2219302
176,Oeste,PRONTO ATENDIMENTO INFANTIL SANDRA CELESTE,Atend. Urgência / Atenção Espec.,PRONTO ATENDIMENTO,-5.8281145,-35.2219302
177,Oeste,PRONTO ATENDIMENTO INFANTIL SANDRA CELESTE,Radiografia,PRONTO ATENDIMENTO,-5.8281145,-35.2219302
178,Oeste,PRONTO ATENDIMENTO INFANTIL SANDRA CELESTE,Colposcopia,PRONTO ATENDIMENTO,-5.8281145,-35.2219302
179,Oeste,UPA 24H ESPERANCA,Consulta Nutrição,HOSPITAL ESPECIALIZADO,-5.824319099999999,-35.2354799
180,Oeste,UPA 24H ESPERANCA,Realização de exames laboratoriais,HOSPITAL ESPECIALIZADO,-5.824319099999999,-35.2354799
181,Oeste,UPA 24H ESPERANCA,Eletrocardiograma,HOSPITAL ESPECIALIZADO,-5.824319099999999,-35.2354799
182,Oeste,UPA 24H ESPERANCA,Atend. Urgência / Atenção Espec.,HOSPITAL ESPECIALIZADO,-5.824319099999999,-35.2354799
183,Oeste,UPA 24H ESPERANCA,Radiografia,HOSPITAL ESPECIALIZADO,-5.824319099999999,-35.2354799
184,Oeste,UPA 24H ESPERANCA,Urgência Odontológica,HOSPITAL ESPECIALIZADO,-5.824319099999999,-35.2354799
185,Oeste,UPA 24H ESPERANCA,Urgência Pediátrica,HOSPITAL ESPECIALIZADO,-5.824319099999999,-35.2354799
186,Sul,POLICLINICA SUL,,POLICLINICA,-5.8584451,-35.2058128
187,Sul,UNIDADE MISTA DE CIDADE SATELITE,Imunização,UNIDADE MISTA ,-5.8685455,-35.2241325
188,Sul,UNIDADE MISTA DE CIDADE SATELITE,Curativo,UNIDADE MISTA ,-5.8685455,-35.2241325
189,Sul,UNIDADE MISTA DE CIDADE SATELITE,Nebulização,UNIDADE MISTA ,-5.8685455,-35.2241325
190,Sul,UNIDADE MISTA DE CIDADE SATELITE,Retirada de Pontos,UNIDADE MISTA ,-5.8685455,-35.2241325
191,Sul,UNIDADE MISTA DE CIDADE SATELITE,Exame Citopatológico do Colo de Útero (Preventivo),UNIDADE MISTA ,-5.8685455,-35.2241325
192,Sul,UNIDADE MISTA DE CIDADE SATELITE,BCG,UNIDADE MISTA ,-5.8685455,-35.2241325
193,Sul,UNIDADE MISTA DE CIDADE SATELITE,Emissão do Cartão SUS,UNIDADE MISTA ,-5.8685455,-35.2241325
194,Sul,UNIDADE MISTA DE CIDADE SATELITE,Consulta Clinico Geral,UNIDADE MISTA ,-5.8685455,-35.2241325
195,Sul,UNIDADE MISTA DE CIDADE SATELITE,Consulta Pediatria,UNIDADE MISTA ,-5.8685455,-35.2241325
196,Sul,UNIDADE MISTA DE CIDADE SATELITE,Consulta Ginecologia,UNIDADE MISTA ,-5.8685455,-35.2241325
197,Sul,UNIDADE MISTA DE CIDADE SATELITE,Consulta Odontologica,UNIDADE MISTA ,-5.8685455,-35.2241325
198,Sul,UNIDADE MISTA DE CIDADE SATELITE,Consulta Nutrição,UNIDADE MISTA ,-5.8685455,-35.2241325
199,Sul,UNIDADE MISTA DE CIDADE SATELITE,Consulta de Psicologia,UNIDADE MISTA ,-5.8685455,-35.2241325
200,Sul,UNIDADE MISTA DE CIDADE SATELITE,Consulta Assistente Social,UNIDADE MISTA ,-5.8685455,-35.2241325
201,Sul,UNIDADE MISTA DE CIDADE SATELITE,CD Coletivo,UNIDADE MISTA ,-5.8685455,-35.2241325
202,Sul,UNIDADE MISTA DE CIDADE SATELITE,Regulação,UNIDADE MISTA ,-5.8685455,-35.2241325
203,Leste,UBS ALECRIM,Imunização,Unidade Básica de Saúde,-5.801921900000001,-35.2150421
204,Leste,UBS ALECRIM,Teste do Pezinho,Unidade Básica de Saúde,-5.801921900000001,-35.2150421
205,Leste,UBS ALECRIM,Exame Citopatológico do Colo de Útero (Preventivo),Unidade Básica de Saúde,-5.801921900000001,-35.2150421
206,Leste,UBS ALECRIM,PPD,Unidade Básica de Saúde,-5.801921900000001,-35.2150421
207,Leste,UBS ALECRIM,BCG,Unidade Básica de Saúde,-5.801921900000001,-35.2150421
208,Leste,UBS ALECRIM,Aplicação de Vitamina A,Unidade Básica de Saúde,-5.801921900000001,-35.2150421
209,Leste,UBS ALECRIM,Distribuição de Suplemento Sulfato Ferroso,Unidade Básica de Saúde,-5.801921900000001,-35.2150421
210,Leste,UBS ALECRIM,Teste Rápido,Unidade Básica de Saúde,-5.801921900000001,-35.2150421
211,Leste,UBS ALECRIM,Emissão do Cartão SUS,Unidade Básica de Saúde,-5.801921900000001,-35.2150421
212,Leste,UBS ALECRIM,Consulta Clinico Geral,Unidade Básica de Saúde,-5.801921900000001,-35.2150421
213,Leste,UBS ALECRIM,Consulta Pediatria,Unidade Básica de Saúde,-5.801921900000001,-35.2150421
214,Leste,UBS ALECRIM,Consulta Ginecologia,Unidade Básica de Saúde,-5.801921900000001,-35.2150421
215,Leste,UBS ALECRIM,Consulta Enfermagem,Unidade Básica de Saúde,-5.801921900000001,-35.2150421
216,Leste,UBS ALECRIM,Consulta Nutrição,Unidade Básica de Saúde,-5.801921900000001,-35.2150421
217,Leste,UBS ALECRIM,Consulta Assistente Social,Unidade Básica de Saúde,-5.801921900000001,-35.2150421
218,Leste,UBS ALECRIM,Colposcopia,Unidade Básica de Saúde,-5.801921900000001,-35.2150421
219,Leste,UBS ALECRIM,Grupo de Adolescente (Pais),Unidade Básica de Saúde,-5.801921900000001,-35.2150421
220,Leste,UBS LAGOA SECA,Imunização,Unidade Básica de Saúde,-5.809238400000001,-35.2128593
221,Leste,UBS LAGOA SECA,Curativo,Unidade Básica de Saúde,-5.809238400000001,-35.2128593
222,Leste,UBS LAGOA SECA,Retirada de Pontos,Unidade Básica de Saúde,-5.809238400000001,-35.2128593
223,Leste,UBS LAGOA SECA,Teste do Pezinho,Unidade Básica de Saúde,-5.809238400000001,-35.2128593
224,Leste,UBS LAGOA SECA,Exame Citopatológico do Colo de Útero (Preventivo),Unidade Básica de Saúde,-5.809238400000001,-35.2128593
225,Leste,UBS LAGOA SECA,Aplicação de Vitamina A,Unidade Básica de Saúde,-5.809238400000001,-35.2128593
226,Leste,UBS LAGOA SECA,Distribuição de Suplemento Sulfato Ferroso,Unidade Básica de Saúde,-5.809238400000001,-35.2128593
227,Leste,UBS LAGOA SECA,Consulta Clinico Geral,Unidade Básica de Saúde,-5.809238400000001,-35.2128593
228,Leste,UBS LAGOA SECA,Consulta Pediatria,Unidade Básica de Saúde,-5.809238400000001,-35.2128593
229,Leste,UBS LAGOA SECA,Consulta Ginecologia,Unidade Básica de Saúde,-5.809238400000001,-35.2128593
230,Leste,UBS LAGOA SECA,Consulta Enfermagem,Unidade Básica de Saúde,-5.809238400000001,-35.2128593
231,Leste,UBS LAGOA SECA,Consulta Odontologica,Unidade Básica de Saúde,-5.809238400000001,-35.2128593
232,Leste,UBS LAGOA SECA,Consulta Nutrição,Unidade Básica de Saúde,-5.809238400000001,-35.2128593
233,Leste,UBS LAGOA SECA,Consulta de Psicologia,Unidade Básica de Saúde,-5.809238400000001,-35.2128593
234,Leste,UBS LAGOA SECA,Vivências lúdicas integrativas,Unidade Básica de Saúde,-5.809238400000001,-35.2128593
235,Leste,UBS LAGOA SECA,Grupo de Idosos,Unidade Básica de Saúde,-5.809238400000001,-35.2128593
236,Leste,UBS LAGOA SECA,Grupo de Hipertensos,Unidade Básica de Saúde,-5.809238400000001,-35.2128593
237,Leste,UBS LAGOA SECA,Grupo de Diabéticos,Unidade Básica de Saúde,-5.809238400000001,-35.2128593
238,Leste,UBS LAGOA SECA,Grupo de Dança,Unidade Básica de Saúde,-5.809238400000001,-35.2128593
239,Leste,UBS LAGOA SECA,Viva Mais,Unidade Básica de Saúde,-5.809238400000001,-35.2128593
240,Leste,UBS LAGOA SECA,Atividade Física,Unidade Básica de Saúde,-5.809238400000001,-35.2128593
241,Leste,UBS LAGOA SECA,Artesanato,Unidade Básica de Saúde,-5.809238400000001,-35.2128593
242,Leste,UBS SAO JOAO,Imunização,Unidade Básica de Saúde,-5.8012958,-35.2040499
243,Leste,UBS SAO JOAO,Curativo,Unidade Básica de Saúde,-5.8012958,-35.2040499
244,Leste,UBS SAO JOAO,Nebulização,Unidade Básica de Saúde,-5.8012958,-35.2040499
245,Leste,UBS SAO JOAO,Retirada de Pontos,Unidade Básica de Saúde,-5.8012958,-35.2040499
246,Leste,UBS SAO JOAO,Teste do Pezinho,Unidade Básica de Saúde,-5.8012958,-35.2040499
247,Leste,UBS SAO JOAO,Exame Citopatológico do Colo de Útero (Preventivo),Unidade Básica de Saúde,-5.8012958,-35.2040499
248,Leste,UBS SAO JOAO,Aplicação de Vitamina A,Unidade Básica de Saúde,-5.8012958,-35.2040499
249,Leste,UBS SAO JOAO,Distribuição de Suplemento Sulfato Ferroso,Unidade Básica de Saúde,-5.8012958,-35.2040499
250,Leste,UBS SAO JOAO,Emissão do Cartão SUS,Unidade Básica de Saúde,-5.8012958,-35.2040499
251,Leste,UBS SAO JOAO,Consulta Clinico Geral,Unidade Básica de Saúde,-5.8012958,-35.2040499
252,Leste,UBS SAO JOAO,Consulta Pediatria,Unidade Básica de Saúde,-5.8012958,-35.2040499
253,Leste,UBS SAO JOAO,Consulta Ginecologia,Unidade Básica de Saúde,-5.8012958,-35.2040499
254,Leste,UBS SAO JOAO,Consulta Enfermagem,Unidade Básica de Saúde,-5.8012958,-35.2040499
255,Leste,UBS SAO JOAO,Consulta Odontologica,Unidade Básica de Saúde,-5.8012958,-35.2040499
256,Leste,UBS SAO JOAO,Consulta Nutrição,Unidade Básica de Saúde,-5.8012958,-35.2040499
257,Leste,UBS SAO JOAO,Consulta de Psicologia,Unidade Básica de Saúde,-5.8012958,-35.2040499
258,Leste,UBS SAO JOAO,Colposcopia,Unidade Básica de Saúde,-5.8012958,-35.2040499
259,Leste,UBS SAO JOAO,Atividade Física,Unidade Básica de Saúde,-5.8012958,-35.2040499
260,Leste,UBS SAO JOAO,Consultório na Rua,Unidade Básica de Saúde,-5.8012958,-35.2040499
261,Leste,USF APARECIDA,Imunização,Unidade de Saúde Familiar,-5.7928007,-35.1872804
262,Leste,USF APARECIDA,Curativo,Unidade de Saúde Familiar,-5.7928007,-35.1872804
263,Leste,USF APARECIDA,Retirada de Pontos,Unidade de Saúde Familiar,-5.7928007,-35.1872804
264,Leste,USF APARECIDA,Teste do Pezinho,Unidade de Saúde Familiar,-5.7928007,-35.1872804
265,Leste,USF APARECIDA,Exame Citopatológico do Colo de Útero (Preventivo),Unidade de Saúde Familiar,-5.7928007,-35.1872804
266,Leste,USF APARECIDA,PPD,Unidade de Saúde Familiar,-5.7928007,-35.1872804
267,Leste,USF APARECIDA,BCG,Unidade de Saúde Familiar,-5.7928007,-35.1872804
268,Leste,USF APARECIDA,Aplicação de Vitamina A,Unidade de Saúde Familiar,-5.7928007,-35.1872804
269,Leste,USF APARECIDA,Distribuição de Suplemento Sulfato Ferroso,Unidade de Saúde Familiar,-5.7928007,-35.1872804
270,Leste,USF APARECIDA,Teste Rápido,Unidade de Saúde Familiar,-5.7928007,-35.1872804
271,Leste,USF APARECIDA,Sorologia de gestantes,Unidade de Saúde Familiar,-5.7928007,-35.1872804
272,Leste,USF APARECIDA,Emissão do Cartão SUS,Unidade de Saúde Familiar,-5.7928007,-35.1872804
273,Leste,USF APARECIDA,Consulta médico Generalista (ESF),Unidade de Saúde Familiar,-5.7928007,-35.1872804
274,Leste,USF APARECIDA,Consulta Pediatria,Unidade de Saúde Familiar,-5.7928007,-35.1872804
275,Leste,USF APARECIDA,Consulta Ginecologia,Unidade de Saúde Familiar,-5.7928007,-35.1872804
276,Leste,USF APARECIDA,Consulta Enfermagem,Unidade de Saúde Familiar,-5.7928007,-35.1872804
277,Leste,USF APARECIDA,Consulta Odontologica,Unidade de Saúde Familiar,-5.7928007,-35.1872804
278,Leste,USF APARECIDA,Consulta Nutrição,Unidade de Saúde Familiar,-5.7928007,-35.1872804
279,Leste,USF APARECIDA,Consulta de Psicologia,Unidade de Saúde Familiar,-5.7928007,-35.1872804
280,Leste,USF APARECIDA,Grupo de Idosos,Unidade de Saúde Familiar,-5.7928007,-35.1872804
281,Leste,USF APARECIDA,Grupo de Gestantes,Unidade de Saúde Familiar,-5.7928007,-35.1872804
282,Leste,USF APARECIDA,Grupo de Hipertensos,Unidade de Saúde Familiar,-5.7928007,-35.1872804
283,Leste,USF APARECIDA,Grupo de Diabéticos,Unidade de Saúde Familiar,-5.7928007,-35.1872804
284,Leste,USF APARECIDA,Terapia Ocupacional,Unidade de Saúde Familiar,-5.7928007,-35.1872804
285,Leste,USF APARECIDA,Grupo de Caminhada,Unidade de Saúde Familiar,-5.7928007,-35.1872804
286,Leste,USF APARECIDA,CD Coletivo,Unidade de Saúde Familiar,-5.7928007,-35.1872804
287,Leste,USF APARECIDA,Viva Mais,Unidade de Saúde Familiar,-5.7928007,-35.1872804
288,Leste,USF APARECIDA,Terapia comunitária,Unidade de Saúde Familiar,-5.7928007,-35.1872804
289,Leste,USF APARECIDA,Atividade Física,Unidade de Saúde Familiar,-5.7928007,-35.1872804
290,Leste,USF BRASILIA TEIMOSA,Imunização,Unidade de Saúde Familiar,-8.0849728,-34.8840843
291,Leste,USF BRASILIA TEIMOSA,Curativo,Unidade de Saúde Familiar,-8.0849728,-34.8840843
292,Leste,USF BRASILIA TEIMOSA,Retirada de Pontos,Unidade de Saúde Familiar,-8.0849728,-34.8840843
293,Leste,USF BRASILIA TEIMOSA,Exame Citopatológico do Colo de Útero (Preventivo),Unidade de Saúde Familiar,-8.0849728,-34.8840843
294,Leste,USF BRASILIA TEIMOSA,Distribuição de Suplemento Sulfato Ferroso,Unidade de Saúde Familiar,-8.0849728,-34.8840843
295,Leste,USF BRASILIA TEIMOSA,Emissão do Cartão SUS,Unidade de Saúde Familiar,-8.0849728,-34.8840843
296,Leste,USF BRASILIA TEIMOSA,Consulta médico Generalista (ESF),Unidade de Saúde Familiar,-8.0849728,-34.8840843
297,Leste,USF BRASILIA TEIMOSA,Consulta Enfermagem,Unidade de Saúde Familiar,-8.0849728,-34.8840843
298,Leste,USF BRASILIA TEIMOSA,Consulta Odontologica,Unidade de Saúde Familiar,-8.0849728,-34.8840843
299,Leste,USF GUARITA,Curativo,Unidade de Saúde Familiar,-5.7956846,-35.2235561
300,Leste,USF GUARITA,Retirada de Pontos,Unidade de Saúde Familiar,-5.7956846,-35.2235561
301,Leste,USF GUARITA,Exame Citopatológico do Colo de Útero (Preventivo),Unidade de Saúde Familiar,-5.7956846,-35.2235561
302,Leste,USF GUARITA,BCG,Unidade de Saúde Familiar,-5.7956846,-35.2235561
303,Leste,USF GUARITA,Aplicação de Vitamina A,Unidade de Saúde Familiar,-5.7956846,-35.2235561
304,Leste,USF GUARITA,Distribuição de Suplemento Sulfato Ferroso,Unidade de Saúde Familiar,-5.7956846,-35.2235561
305,Leste,USF GUARITA,Teste Rápido,Unidade de Saúde Familiar,-5.7956846,-35.2235561
306,Leste,USF GUARITA,Consulta médico Generalista (ESF),Unidade de Saúde Familiar,-5.7956846,-35.2235561
307,Leste,USF GUARITA,Consulta Enfermagem,Unidade de Saúde Familiar,-5.7956846,-35.2235561
308,Leste,USF GUARITA,Consulta Odontologica,Unidade de Saúde Familiar,-5.7956846,-35.2235561
309,Leste,USF GUARITA,Colposcopia,Unidade de Saúde Familiar,-5.7956846,-35.2235561
310,Leste,USF GUARITA,Grupo de Gestantes,Unidade de Saúde Familiar,-5.7956846,-35.2235561
311,Leste,USF PASSO DA PATRIA,Imunização,Unidade de Saúde Familiar,,
312,Leste,USF PASSO DA PATRIA,Curativo,Unidade de Saúde Familiar,,
313,Leste,USF PASSO DA PATRIA,Nebulização,Unidade de Saúde Familiar,,
314,Leste,USF PASSO DA PATRIA,Retirada de Pontos,Unidade de Saúde Familiar,,
315,Leste,USF PASSO DA PATRIA,Injeções,Unidade de Saúde Familiar,,
316,Leste,USF PASSO DA PATRIA,Teste do Pezinho,Unidade de Saúde Familiar,,
317,Leste,USF PASSO DA PATRIA,Exame Citopatológico do Colo de Útero (Preventivo),Unidade de Saúde Familiar,,
318,Leste,USF PASSO DA PATRIA,BCG,Unidade de Saúde Familiar,,
319,Leste,USF PASSO DA PATRIA,Aplicação de Vitamina A,Unidade de Saúde Familiar,,
320,Leste,USF PASSO DA PATRIA,Distribuição de Suplemento Sulfato Ferroso,Unidade de Saúde Familiar,,
321,Leste,USF PASSO DA PATRIA,Teste Rápido,Unidade de Saúde Familiar,,
322,Leste,USF PASSO DA PATRIA,Sorologia de gestantes,Unidade de Saúde Familiar,,
323,Leste,USF PASSO DA PATRIA,Emissão do Cartão SUS,Unidade de Saúde Familiar,,
324,Leste,USF PASSO DA PATRIA,Consulta médico Generalista (ESF),Unidade de Saúde Familiar,,
325,Leste,USF PASSO DA PATRIA,Consulta Enfermagem,Unidade de Saúde Familiar,,
326,Leste,USF PASSO DA PATRIA,Consulta Odontologica,Unidade de Saúde Familiar,,
327,Leste,USF PASSO DA PATRIA,Pré-Natal,Unidade de Saúde Familiar,,
328,Leste,USF PASSO DA PATRIA,Vivências lúdicas integrativas,Unidade de Saúde Familiar,,
329,Leste,USF PASSO DA PATRIA,Grupo de Gestantes,Unidade de Saúde Familiar,,
330,Leste,USF ROCAS,Imunização,Unidade de Saúde Familiar,,
331,Leste,USF ROCAS,Curativo,Unidade de Saúde Familiar,,
332,Leste,USF ROCAS,Nebulização,Unidade de Saúde Familiar,,
333,Leste,USF ROCAS,Retirada de Pontos,Unidade de Saúde Familiar,,
334,Leste,USF ROCAS,Teste do Pezinho,Unidade de Saúde Familiar,,
335,Leste,USF ROCAS,Exame Citopatológico do Colo de Útero (Preventivo),Unidade de Saúde Familiar,,
336,Leste,USF ROCAS,PPD,Unidade de Saúde Familiar,,
337,Leste,USF ROCAS,BCG,Unidade de Saúde Familiar,,
338,Leste,USF ROCAS,Aplicação de Vitamina A,Unidade de Saúde Familiar,,
339,Leste,USF ROCAS,Distribuição de Suplemento Sulfato Ferroso,Unidade de Saúde Familiar,,
340,Leste,USF ROCAS,Teste Rápido,Unidade de Saúde Familiar,,
341,Leste,USF ROCAS,Emissão do Cartão SUS,Unidade de Saúde Familiar,,
342,Leste,USF ROCAS,Consulta médico Generalista (ESF),Unidade de Saúde Familiar,,
343,Leste,USF ROCAS,Consulta Clinico Geral,Unidade de Saúde Familiar,,
344,Leste,USF ROCAS,Consulta Enfermagem,Unidade de Saúde Familiar,,
345,Leste,USF ROCAS,Consulta Odontologica,Unidade de Saúde Familiar,,
346,Leste,USF ROCAS,Consulta Nutrição,Unidade de Saúde Familiar,,
347,Leste,USF ROCAS,Grupo de Idosos,Unidade de Saúde Familiar,,
348,Leste,USF ROCAS,Grupo de Gestantes,Unidade de Saúde Familiar,,
349,Leste,USF ROCAS,Grupo de Hipertensos,Unidade de Saúde Familiar,,
350,Leste,USF ROCAS,Grupo de Diabéticos,Unidade de Saúde Familiar,,
351,Leste,USF ROCAS,Grupo de Dança,Unidade de Saúde Familiar,,
352,Leste,USF ROCAS,CD Coletivo,Unidade de Saúde Familiar,,
353,Leste,USF ROCAS,Atividade Física,Unidade de Saúde Familiar,,
354,Norte I,UBS PAJUCARA,Imunização,Unidade Básica de Saúde,-5.7296211,-35.2471931
355,Norte I,UBS PAJUCARA,Curativo,Unidade Básica de Saúde,-5.7296211,-35.2471931
356,Norte I,UBS PAJUCARA,Retirada de Pontos,Unidade Básica de Saúde,-5.7296211,-35.2471931
357,Norte I,UBS PAJUCARA,Exame Citopatológico do Colo de Útero (Preventivo),Unidade Básica de Saúde,-5.7296211,-35.2471931
358,Norte I,UBS PAJUCARA,BCG,Unidade Básica de Saúde,-5.7296211,-35.2471931
359,Norte I,UBS PAJUCARA,Aplicação de Vitamina A,Unidade Básica de Saúde,-5.7296211,-35.2471931
360,Norte I,UBS PAJUCARA,Emissão do Cartão SUS,Unidade Básica de Saúde,-5.7296211,-35.2471931
361,Norte I,UBS PAJUCARA,Consulta Clinico Geral,Unidade Básica de Saúde,-5.7296211,-35.2471931
362,Norte I,UBS PAJUCARA,Consulta Enfermagem,Unidade Básica de Saúde,-5.7296211,-35.2471931
363,Norte I,UBS PAJUCARA,Consulta de Psicologia,Unidade Básica de Saúde,-5.7296211,-35.2471931
364,Norte I,UBS PAJUCARA,Fitoterapia,Unidade Básica de Saúde,-5.7296211,-35.2471931
365,Norte I,UBS PAJUCARA,Grupo de Gestantes,Unidade Básica de Saúde,-5.7296211,-35.2471931
366,Norte I,UBS PAJUCARA,Vacinação de Cães,Unidade Básica de Saúde,-5.7296211,-35.2471931
367,Norte I,USF AFRICA,Imunização,Unidade de Saúde Familiar,-5.7515234,-35.2340847
368,Norte I,USF AFRICA,Curativo,Unidade de Saúde Familiar,-5.7515234,-35.2340847
369,Norte I,USF AFRICA,Nebulização,Unidade de Saúde Familiar,-5.7515234,-35.2340847
370,Norte I,USF AFRICA,Retirada de Pontos,Unidade de Saúde Familiar,-5.7515234,-35.2340847
371,Norte I,USF AFRICA,Teste do Pezinho,Unidade de Saúde Familiar,-5.7515234,-35.2340847
372,Norte I,USF AFRICA,Exame Citopatológico do Colo de Útero (Preventivo),Unidade de Saúde Familiar,-5.7515234,-35.2340847
373,Norte I,USF AFRICA,PPD,Unidade de Saúde Familiar,-5.7515234,-35.2340847
374,Norte I,USF AFRICA,Aplicação de Vitamina A,Unidade de Saúde Familiar,-5.7515234,-35.2340847
375,Norte I,USF AFRICA,Consulta médico Generalista (ESF),Unidade de Saúde Familiar,-5.7515234,-35.2340847
376,Norte I,USF AFRICA,Consulta Enfermagem,Unidade de Saúde Familiar,-5.7515234,-35.2340847
377,Norte I,USF AFRICA,Consulta Odontologica,Unidade de Saúde Familiar,-5.7515234,-35.2340847
378,Norte I,USF AFRICA,Consulta Nutrição,Unidade de Saúde Familiar,-5.7515234,-35.2340847
379,Norte I,USF AFRICA,Consulta de Psicologia,Unidade de Saúde Familiar,-5.7515234,-35.2340847
380,Norte I,USF AFRICA,Consulta Assistente Social,Unidade de Saúde Familiar,-5.7515234,-35.2340847
381,Norte I,USF AFRICA,Grupo de Idosos,Unidade de Saúde Familiar,-5.7515234,-35.2340847
382,Norte I,USF AFRICA,Grupo de Hipertensos,Unidade de Saúde Familiar,-5.7515234,-35.2340847
383,Norte I,USF AFRICA,Grupo de Diabéticos,Unidade de Saúde Familiar,-5.7515234,-35.2340847
384,Norte I,USF AFRICA,Grupo de Dança,Unidade de Saúde Familiar,-5.7515234,-35.2340847
385,Norte I,USF AFRICA,Grupo de Caminhada,Unidade de Saúde Familiar,-5.7515234,-35.2340847
386,Norte I,USF DA REDINHA ,Imunização,Unidade de Saúde Familiar,-5.7469871,-35.206206
387,Norte I,USF DA REDINHA ,Curativo,Unidade de Saúde Familiar,-5.7469871,-35.206206
388,Norte I,USF DA REDINHA ,Nebulização,Unidade de Saúde Familiar,-5.7469871,-35.206206
389,Norte I,USF DA REDINHA ,Retirada de Pontos,Unidade de Saúde Familiar,-5.7469871,-35.206206
390,Norte I,USF DA REDINHA ,Teste do Pezinho,Unidade de Saúde Familiar,-5.7469871,-35.206206
391,Norte I,USF DA REDINHA ,Exame Citopatológico do Colo de Útero (Preventivo),Unidade de Saúde Familiar,-5.7469871,-35.206206
392,Norte I,USF DA REDINHA ,BCG,Unidade de Saúde Familiar,-5.7469871,-35.206206
393,Norte I,USF DA REDINHA ,Aplicação de Vitamina A,Unidade de Saúde Familiar,-5.7469871,-35.206206
394,Norte I,USF DA REDINHA ,Consulta médico Generalista (ESF),Unidade de Saúde Familiar,-5.7469871,-35.206206
395,Norte I,USF DA REDINHA ,Consulta Enfermagem,Unidade de Saúde Familiar,-5.7469871,-35.206206
396,Norte I,USF DA REDINHA ,Consulta Odontologica,Unidade de Saúde Familiar,-5.7469871,-35.206206
397,Norte I,USF DA REDINHA ,Grupo de Idosos,Unidade de Saúde Familiar,-5.7469871,-35.206206
398,Norte I,USF DA REDINHA ,Grupo de Crianças,Unidade de Saúde Familiar,-5.7469871,-35.206206
399,Norte I,USF DA REDINHA ,Grupo de Adolescente (Escola),Unidade de Saúde Familiar,-5.7469871,-35.206206
400,Norte I,USF DA REDINHA ,Grupo de Adolescente (Pais),Unidade de Saúde Familiar,-5.7469871,-35.206206
401,Norte I,USF DA REDINHA ,Grupo de Gestantes,Unidade de Saúde Familiar,-5.7469871,-35.206206
402,Norte I,USF DA REDINHA ,Grupo de Hipertensos,Unidade de Saúde Familiar,-5.7469871,-35.206206
403,Norte I,USF DA REDINHA ,Grupo de Diabéticos,Unidade de Saúde Familiar,-5.7469871,-35.206206
404,Norte I,USF GRAMORE,Imunização,Unidade de Saúde Familiar,-5.7282821,-35.25395049999999
405,Norte I,USF GRAMORE,Curativo,Unidade de Saúde Familiar,-5.7282821,-35.25395049999999
406,Norte I,USF GRAMORE,Nebulização,Unidade de Saúde Familiar,-5.7282821,-35.25395049999999
407,Norte I,USF GRAMORE,Retirada de Pontos,Unidade de Saúde Familiar,-5.7282821,-35.25395049999999
408,Norte I,USF GRAMORE,Injeções,Unidade de Saúde Familiar,-5.7282821,-35.25395049999999
409,Norte I,USF GRAMORE,Teste do Pezinho,Unidade de Saúde Familiar,-5.7282821,-35.25395049999999
410,Norte I,USF GRAMORE,Exame Citopatológico do Colo de Útero (Preventivo),Unidade de Saúde Familiar,-5.7282821,-35.25395049999999
411,Norte I,USF GRAMORE,PPD,Unidade de Saúde Familiar,-5.7282821,-35.25395049999999
412,Norte I,USF GRAMORE,BCG,Unidade de Saúde Familiar,-5.7282821,-35.25395049999999
413,Norte I,USF GRAMORE,Aplicação de Vitamina A,Unidade de Saúde Familiar,-5.7282821,-35.25395049999999
414,Norte I,USF GRAMORE,Distribuição de Suplemento Sulfato Ferroso,Unidade de Saúde Familiar,-5.7282821,-35.25395049999999
415,Norte I,USF GRAMORE,Teste Rápido,Unidade de Saúde Familiar,-5.7282821,-35.25395049999999
416,Norte I,USF GRAMORE,Sorologia de gestantes,Unidade de Saúde Familiar,-5.7282821,-35.25395049999999
417,Norte I,USF GRAMORE,Emissão do Cartão SUS,Unidade de Saúde Familiar,-5.7282821,-35.25395049999999
418,Norte I,USF GRAMORE,Consulta médico Generalista (ESF),Unidade de Saúde Familiar,-5.7282821,-35.25395049999999
419,Norte I,USF GRAMORE,Consulta Enfermagem,Unidade de Saúde Familiar,-5.7282821,-35.25395049999999
420,Norte I,USF GRAMORE,Consulta Odontologica,Unidade de Saúde Familiar,-5.7282821,-35.25395049999999
421,Norte I,USF GRAMORE,Pré-Natal,Unidade de Saúde Familiar,-5.7282821,-35.25395049999999
422,Norte I,USF GRAMORE,Grupo de Gestantes,Unidade de Saúde Familiar,-5.7282821,-35.25395049999999
423,Norte I,USF GRAMORE,Grupo de Hipertensos,Unidade de Saúde Familiar,-5.7282821,-35.25395049999999
424,Norte I,USF GRAMORE,Grupo de Diabéticos,Unidade de Saúde Familiar,-5.7282821,-35.25395049999999
425,Norte I,USF GRAMORE,Grupo de Dança,Unidade de Saúde Familiar,-5.7282821,-35.25395049999999
426,Norte I,USF JOSE SARNEY,Imunização,Unidade de Saúde Familiar,-5.7373012,-35.2570586
427,Norte I,USF JOSE SARNEY,Curativo,Unidade de Saúde Familiar,-5.7373012,-35.2570586
428,Norte I,USF JOSE SARNEY,Nebulização,Unidade de Saúde Familiar,-5.7373012,-35.2570586
429,Norte I,USF JOSE SARNEY,Retirada de Pontos,Unidade de Saúde Familiar,-5.7373012,-35.2570586
430,Norte I,USF JOSE SARNEY,Exame Citopatológico do Colo de Útero (Preventivo),Unidade de Saúde Familiar,-5.7373012,-35.2570586
431,Norte I,USF JOSE SARNEY,BCG,Unidade de Saúde Familiar,-5.7373012,-35.2570586
432,Norte I,USF JOSE SARNEY,Aplicação de Vitamina A,Unidade de Saúde Familiar,-5.7373012,-35.2570586
433,Norte I,USF JOSE SARNEY,Consulta médico Generalista (ESF),Unidade de Saúde Familiar,-5.7373012,-35.2570586
434,Norte I,USF JOSE SARNEY,Consulta Enfermagem,Unidade de Saúde Familiar,-5.7373012,-35.2570586
435,Norte I,USF JOSE SARNEY,Consulta Odontologica,Unidade de Saúde Familiar,-5.7373012,-35.2570586
436,Norte I,USF JOSE SARNEY,Grupo de Idosos,Unidade de Saúde Familiar,-5.7373012,-35.2570586
437,Norte I,USF JOSE SARNEY,Grupo de Adolescente (Escola),Unidade de Saúde Familiar,-5.7373012,-35.2570586
438,Norte I,USF JOSE SARNEY,Grupo de Gestantes,Unidade de Saúde Familiar,-5.7373012,-35.2570586
439,Norte I,USF JOSE SARNEY,Grupo de Hipertensos,Unidade de Saúde Familiar,-5.7373012,-35.2570586
440,Norte I,USF JOSE SARNEY,Grupo de Caminhada,Unidade de Saúde Familiar,-5.7373012,-35.2570586
441,Norte I,USF JOSE SARNEY,Atividade Física,Unidade de Saúde Familiar,-5.7373012,-35.2570586
442,Norte I,USF JOSE SARNEY,Grupo de Servidor de bem com a saúde,Unidade de Saúde Familiar,-5.7373012,-35.2570586
443,Norte I,USF NORDELANDIA,Imunização,Unidade de Saúde Familiar,-5.7285355,-35.2766692
444,Norte I,USF NORDELANDIA,Curativo,Unidade de Saúde Familiar,-5.7285355,-35.2766692
445,Norte I,USF NORDELANDIA,Retirada de Pontos,Unidade de Saúde Familiar,-5.7285355,-35.2766692
446,Norte I,USF NORDELANDIA,Exame Citopatológico do Colo de Útero (Preventivo),Unidade de Saúde Familiar,-5.7285355,-35.2766692
447,Norte I,USF NORDELANDIA,PPD,Unidade de Saúde Familiar,-5.7285355,-35.2766692
448,Norte I,USF NORDELANDIA,BCG,Unidade de Saúde Familiar,-5.7285355,-35.2766692
449,Norte I,USF NORDELANDIA,Aplicação de Vitamina A,Unidade de Saúde Familiar,-5.7285355,-35.2766692
450,Norte I,USF NORDELANDIA,Consulta médico Generalista (ESF),Unidade de Saúde Familiar,-5.7285355,-35.2766692
451,Norte I,USF NORDELANDIA,Consulta Enfermagem,Unidade de Saúde Familiar,-5.7285355,-35.2766692
452,Norte I,USF NORDELANDIA,Consulta Odontologica,Unidade de Saúde Familiar,-5.7285355,-35.2766692
453,Norte I,USF PARQUE DAS DUNAS,Imunização,Unidade de Saúde Familiar,-5.7316021,-35.2331713
454,Norte I,USF PARQUE DAS DUNAS,Curativo,Unidade de Saúde Familiar,-5.7316021,-35.2331713
455,Norte I,USF PARQUE DAS DUNAS,Retirada de Pontos,Unidade de Saúde Familiar,-5.7316021,-35.2331713
456,Norte I,USF PARQUE DAS DUNAS,Teste do Pezinho,Unidade de Saúde Familiar,-5.7316021,-35.2331713
457,Norte I,USF PARQUE DAS DUNAS,Exame Citopatológico do Colo de Útero (Preventivo),Unidade de Saúde Familiar,-5.7316021,-35.2331713
458,Norte I,USF PARQUE DAS DUNAS,BCG,Unidade de Saúde Familiar,-5.7316021,-35.2331713
459,Norte I,USF PARQUE DAS DUNAS,Aplicação de Vitamina A,Unidade de Saúde Familiar,-5.7316021,-35.2331713
460,Norte I,USF PARQUE DAS DUNAS,Consulta médico Generalista (ESF),Unidade de Saúde Familiar,-5.7316021,-35.2331713
461,Norte I,USF PARQUE DAS DUNAS,Consulta Enfermagem,Unidade de Saúde Familiar,-5.7316021,-35.2331713
462,Norte I,USF PARQUE DAS DUNAS,Consulta Odontologica,Unidade de Saúde Familiar,-5.7316021,-35.2331713
463,Norte I,USF PARQUE DAS DUNAS,Grupo de Gestantes,Unidade de Saúde Familiar,-5.7316021,-35.2331713
464,Norte I,USF PARQUE DAS DUNAS,Grupo de Hipertensos,Unidade de Saúde Familiar,-5.7316021,-35.2331713
465,Norte I,USF PARQUE DAS DUNAS,Grupo de Diabéticos,Unidade de Saúde Familiar,-5.7316021,-35.2331713
466,Norte I,USF PARQUE DAS DUNAS,Grupo de Caminhada,Unidade de Saúde Familiar,-5.7316021,-35.2331713
467,Norte I,USF PARQUE DAS DUNAS,CD Coletivo,Unidade de Saúde Familiar,-5.7316021,-35.2331713
468,Norte I,USF PARQUE DAS DUNAS,Viva Mais,Unidade de Saúde Familiar,-5.7316021,-35.2331713
469,Norte I,USF PARQUE DAS DUNAS,Atividade Física,Unidade de Saúde Familiar,-5.7316021,-35.2331713
470,Norte I,USF POMPEIA,Imunização,Unidade de Saúde Familiar,-5.7424597,-35.2437114
471,Norte I,USF POMPEIA,Curativo,Unidade de Saúde Familiar,-5.7424597,-35.2437114
472,Norte I,USF POMPEIA,Nebulização,Unidade de Saúde Familiar,-5.7424597,-35.2437114
473,Norte I,USF POMPEIA,Retirada de Pontos,Unidade de Saúde Familiar,-5.7424597,-35.2437114
474,Norte I,USF POMPEIA,Teste do Pezinho,Unidade de Saúde Familiar,-5.7424597,-35.2437114
475,Norte I,USF POMPEIA,Exame Citopatológico do Colo de Útero (Preventivo),Unidade de Saúde Familiar,-5.7424597,-35.2437114
476,Norte I,USF POMPEIA,PPD,Unidade de Saúde Familiar,-5.7424597,-35.2437114
477,Norte I,USF POMPEIA,BCG,Unidade de Saúde Familiar,-5.7424597,-35.2437114
478,Norte I,USF POMPEIA,Aplicação de Vitamina A,Unidade de Saúde Familiar,-5.7424597,-35.2437114
479,Norte I,USF POMPEIA,Consulta médico Generalista (ESF),Unidade de Saúde Familiar,-5.7424597,-35.2437114
480,Norte I,USF POMPEIA,Consulta Enfermagem,Unidade de Saúde Familiar,-5.7424597,-35.2437114
481,Norte I,USF POMPEIA,Consulta Odontologica,Unidade de Saúde Familiar,-5.7424597,-35.2437114
482,Norte I,USF POMPEIA,Grupo de Idosos,Unidade de Saúde Familiar,-5.7424597,-35.2437114
483,Norte II,UBS BELA VISTA,Imunização,Unidade Básica de Saúde,-23.5569836,-46.6420056
484,Norte II,UBS BELA VISTA,Curativo,Unidade Básica de Saúde,-23.5569836,-46.6420056
485,Norte II,UBS BELA VISTA,Retirada de Pontos,Unidade Básica de Saúde,-23.5569836,-46.6420056
486,Norte II,UBS BELA VISTA,Injeções,Unidade Básica de Saúde,-23.5569836,-46.6420056
487,Norte II,UBS BELA VISTA,Teste do Pezinho,Unidade Básica de Saúde,-23.5569836,-46.6420056
488,Norte II,UBS BELA VISTA,Exame Citopatológico do Colo de Útero (Preventivo),Unidade Básica de Saúde,-23.5569836,-46.6420056
489,Norte II,UBS BELA VISTA,Distribuição de Suplemento Sulfato Ferroso,Unidade Básica de Saúde,-23.5569836,-46.6420056
490,Norte II,UBS BELA VISTA,Teste Rápido,Unidade Básica de Saúde,-23.5569836,-46.6420056
491,Norte II,UBS BELA VISTA,Emissão do Cartão SUS,Unidade Básica de Saúde,-23.5569836,-46.6420056
492,Norte II,UBS BELA VISTA,Consulta Ginecologia,Unidade Básica de Saúde,-23.5569836,-46.6420056
493,Norte II,UBS BELA VISTA,Consulta Enfermagem,Unidade Básica de Saúde,-23.5569836,-46.6420056
494,Norte II,UBS BELA VISTA,Pré-Natal,Unidade Básica de Saúde,-23.5569836,-46.6420056
495,Norte II,UBS BELA VISTA,Grupo de Idosos,Unidade Básica de Saúde,-23.5569836,-46.6420056
496,Norte II,UBS BELA VISTA,Grupo de Hipertensos,Unidade Básica de Saúde,-23.5569836,-46.6420056
497,Norte II,UBS BELA VISTA,Grupo de Diabéticos,Unidade Básica de Saúde,-23.5569836,-46.6420056
498,Norte II,USF IGAPO,Imunização,Unidade de Saúde Familiar,-8.7717992,-63.8433701
499,Norte II,USF IGAPO,Curativo,Unidade de Saúde Familiar,-8.7717992,-63.8433701
500,Norte II,USF IGAPO,Nebulização,Unidade de Saúde Familiar,-8.7717992,-63.8433701
501,Norte II,USF IGAPO,Retirada de Pontos,Unidade de Saúde Familiar,-8.7717992,-63.8433701
502,Norte II,USF IGAPO,Injeções,Unidade de Saúde Familiar,-8.7717992,-63.8433701
503,Norte II,USF IGAPO,Teste do Pezinho,Unidade de Saúde Familiar,-8.7717992,-63.8433701
504,Norte II,USF IGAPO,Exame Citopatológico do Colo de Útero (Preventivo),Unidade de Saúde Familiar,-8.7717992,-63.8433701
505,Norte II,USF IGAPO,Aplicação de Vitamina A,Unidade de Saúde Familiar,-8.7717992,-63.8433701
506,Norte II,USF IGAPO,Distribuição de Suplemento Sulfato Ferroso,Unidade de Saúde Familiar,-8.7717992,-63.8433701
507,Norte II,USF IGAPO,Teste Rápido,Unidade de Saúde Familiar,-8.7717992,-63.8433701
508,Norte II,USF IGAPO,Sorologia de gestantes,Unidade de Saúde Familiar,-8.7717992,-63.8433701
509,Norte II,USF IGAPO,Emissão do Cartão SUS,Unidade de Saúde Familiar,-8.7717992,-63.8433701
510,Norte II,USF IGAPO,Consulta médico Generalista (ESF),Unidade de Saúde Familiar,-8.7717992,-63.8433701
511,Norte II,USF IGAPO,Consulta Enfermagem,Unidade de Saúde Familiar,-8.7717992,-63.8433701
512,Norte II,USF IGAPO,Consulta Odontologica,Unidade de Saúde Familiar,-8.7717992,-63.8433701
513,Norte II,USF IGAPO,Pré-Natal,Unidade de Saúde Familiar,-8.7717992,-63.8433701
514,Norte II,USF IGAPO,Grupo de Idosos,Unidade de Saúde Familiar,-8.7717992,-63.8433701
515,Norte II,USF IGAPO,Grupo de Adolescente (Escola),Unidade de Saúde Familiar,-8.7717992,-63.8433701
516,Norte II,USF IGAPO,Grupo de Gestantes,Unidade de Saúde Familiar,-8.7717992,-63.8433701
517,Norte II,USF IGAPO,Grupo de Hipertensos,Unidade de Saúde Familiar,-8.7717992,-63.8433701
518,Norte II,USF IGAPO,Grupo de Diabéticos,Unidade de Saúde Familiar,-8.7717992,-63.8433701
519,Norte II,USF IGAPO,CD Coletivo,Unidade de Saúde Familiar,-8.7717992,-63.8433701
520,Norte II,USF PANATIS,Imunização,Unidade de Saúde Familiar,-8.7717992,-63.8433701
521,Norte II,USF PANATIS,Curativo,Unidade de Saúde Familiar,-8.7717992,-63.8433701
522,Norte II,USF PANATIS,Nebulização,Unidade de Saúde Familiar,-8.7717992,-63.8433701
523,Norte II,USF PANATIS,Retirada de Pontos,Unidade de Saúde Familiar,-8.7717992,-63.8433701
524,Norte II,USF PANATIS,Injeções,Unidade de Saúde Familiar,-8.7717992,-63.8433701
525,Norte II,USF PANATIS,Teste do Pezinho,Unidade de Saúde Familiar,-8.7717992,-63.8433701
526,Norte II,USF PANATIS,Exame Citopatológico do Colo de Útero (Preventivo),Unidade de Saúde Familiar,-8.7717992,-63.8433701
527,Norte II,USF PANATIS,BCG,Unidade de Saúde Familiar,-8.7717992,-63.8433701
528,Norte II,USF PANATIS,Aplicação de Vitamina A,Unidade de Saúde Familiar,-8.7717992,-63.8433701
529,Norte II,USF PANATIS,Distribuição de Suplemento Sulfato Ferroso,Unidade de Saúde Familiar,-8.7717992,-63.8433701
530,Norte II,USF PANATIS,Teste Rápido,Unidade de Saúde Familiar,-8.7717992,-63.8433701
531,Norte II,USF PANATIS,Sorologia de gestantes,Unidade de Saúde Familiar,-8.7717992,-63.8433701
532,Norte II,USF PANATIS,Consulta médico Generalista (ESF),Unidade de Saúde Familiar,-8.7717992,-63.8433701
533,Norte II,USF PANATIS,Consulta Enfermagem,Unidade de Saúde Familiar,-8.7717992,-63.8433701
534,Norte II,USF PANATIS,Consulta Odontologica,Unidade de Saúde Familiar,-8.7717992,-63.8433701
535,Norte II,USF PANATIS,Pré-Natal,Unidade de Saúde Familiar,-8.7717992,-63.8433701
536,Norte II,USF PANATIS,Tai chi chuan,Unidade de Saúde Familiar,-8.7717992,-63.8433701
537,Norte II,USF PANATIS,Grupo de Idosos,Unidade de Saúde Familiar,-8.7717992,-63.8433701
538,Norte II,USF PANATIS,Grupo de Adolescente (Escola),Unidade de Saúde Familiar,-8.7717992,-63.8433701
539,Norte II,USF PANATIS,Grupo de Gestantes,Unidade de Saúde Familiar,-8.7717992,-63.8433701
540,Norte II,USF PANATIS,Grupo de Hipertensos,Unidade de Saúde Familiar,-8.7717992,-63.8433701
541,Norte II,USF PANATIS,Grupo de Diabéticos,Unidade de Saúde Familiar,-8.7717992,-63.8433701
542,Norte II,USF PANATIS,CD Coletivo,Unidade de Saúde Familiar,-8.7717992,-63.8433701
543,Norte II,USF PANATIS,Tenda do Conto,Unidade de Saúde Familiar,-8.7717992,-63.8433701
544,Norte II,USF PARQUE DOS COQUEIROS,Curativo,Unidade de Saúde Familiar,-5.761366499999999,-35.2756481
545,Norte II,USF PARQUE DOS COQUEIROS,Nebulização,Unidade de Saúde Familiar,-5.761366499999999,-35.2756481
546,Norte II,USF PARQUE DOS COQUEIROS,Injeções,Unidade de Saúde Familiar,-5.761366499999999,-35.2756481
547,Norte II,USF PARQUE DOS COQUEIROS,Teste do Pezinho,Unidade de Saúde Familiar,-5.761366499999999,-35.2756481
548,Norte II,USF PARQUE DOS COQUEIROS,Exame Citopatológico do Colo de Útero (Preventivo),Unidade de Saúde Familiar,-5.761366499999999,-35.2756481
549,Norte II,USF PARQUE DOS COQUEIROS,BCG,Unidade de Saúde Familiar,-5.761366499999999,-35.2756481
550,Norte II,USF PARQUE DOS COQUEIROS,Aplicação de Vitamina A,Unidade de Saúde Familiar,-5.761366499999999,-35.2756481
551,Norte II,USF PARQUE DOS COQUEIROS,Distribuição de Suplemento Sulfato Ferroso,Unidade de Saúde Familiar,-5.761366499999999,-35.2756481
552,Norte II,USF PARQUE DOS COQUEIROS,Teste Rápido,Unidade de Saúde Familiar,-5.761366499999999,-35.2756481
553,Norte II,USF PARQUE DOS COQUEIROS,Sorologia de gestantes,Unidade de Saúde Familiar,-5.761366499999999,-35.2756481
554,Norte II,USF PARQUE DOS COQUEIROS,Consulta médico Generalista (ESF),Unidade de Saúde Familiar,-5.761366499999999,-35.2756481
555,Norte II,USF PARQUE DOS COQUEIROS,Consulta Enfermagem,Unidade de Saúde Familiar,-5.761366499999999,-35.2756481
556,Norte II,USF PARQUE DOS COQUEIROS,Consulta Odontologica,Unidade de Saúde Familiar,-5.761366499999999,-35.2756481
557,Norte II,USF PARQUE DOS COQUEIROS,Pré-Natal,Unidade de Saúde Familiar,-5.761366499999999,-35.2756481
558,Norte II,USF PARQUE DOS COQUEIROS,Tai chi chuan,Unidade de Saúde Familiar,-5.761366499999999,-35.2756481
559,Norte II,USF PARQUE DOS COQUEIROS,Grupo de Idosos,Unidade de Saúde Familiar,-5.761366499999999,-35.2756481
560,Norte II,USF PARQUE DOS COQUEIROS,Grupo de Adolescente (Escola),Unidade de Saúde Familiar,-5.761366499999999,-35.2756481
561,Norte II,USF PARQUE DOS COQUEIROS,Grupo de Gestantes,Unidade de Saúde Familiar,-5.761366499999999,-35.2756481
562,Norte II,USF PARQUE DOS COQUEIROS,Grupo de Hipertensos,Unidade de Saúde Familiar,-5.761366499999999,-35.2756481
563,Norte II,USF PARQUE DOS COQUEIROS,Grupo de Dança,Unidade de Saúde Familiar,-5.761366499999999,-35.2756481
564,Norte II,USF PARQUE DOS COQUEIROS,Grupo de Caminhada,Unidade de Saúde Familiar,-5.761366499999999,-35.2756481
565,Norte II,USF PARQUE DOS COQUEIROS,CD Coletivo,Unidade de Saúde Familiar,-5.761366499999999,-35.2756481
566,Norte II,USF PARQUE DOS COQUEIROS,Terapia comunitária,Unidade de Saúde Familiar,-5.761366499999999,-35.2756481
567,Norte II,USF PARQUE DOS COQUEIROS,Atividade Física,Unidade de Saúde Familiar,-5.761366499999999,-35.2756481
568,Norte II,USF PARQUE DOS COQUEIROS,Grupo de Artesanato,Unidade de Saúde Familiar,-5.761366499999999,-35.2756481
569,Norte II,USF PARQUE DOS COQUEIROS,Terapia Saúde Mental,Unidade de Saúde Familiar,-5.761366499999999,-35.2756481
570,Norte II,USF PARQUE DOS COQUEIROS,Grupo Bebê a Bordo,Unidade de Saúde Familiar,-5.761366499999999,-35.2756481
571,Norte II,USF PARQUE DOS COQUEIROS,Grupo Raios de Sol,Unidade de Saúde Familiar,-5.761366499999999,-35.2756481
572,Norte II,USF PARQUE DOS COQUEIROS,DanSaúde,Unidade de Saúde Familiar,-5.761366499999999,-35.2756481
573,Norte II,USF PLANICIE DAS MANGUEIRAS,Imunização,Unidade de Saúde Familiar,-5.7487232,-35.27043700000001
574,Norte II,USF PLANICIE DAS MANGUEIRAS,Curativo,Unidade de Saúde Familiar,-5.7487232,-35.27043700000001
575,Norte II,USF PLANICIE DAS MANGUEIRAS,Nebulização,Unidade de Saúde Familiar,-5.7487232,-35.27043700000001
576,Norte II,USF PLANICIE DAS MANGUEIRAS,Retirada de Pontos,Unidade de Saúde Familiar,-5.7487232,-35.27043700000001
577,Norte II,USF PLANICIE DAS MANGUEIRAS,Injeções,Unidade de Saúde Familiar,-5.7487232,-35.27043700000001
578,Norte II,USF PLANICIE DAS MANGUEIRAS,Teste do Pezinho,Unidade de Saúde Familiar,-5.7487232,-35.27043700000001
579,Norte II,USF PLANICIE DAS MANGUEIRAS,Exame Citopatológico do Colo de Útero (Preventivo),Unidade de Saúde Familiar,-5.7487232,-35.27043700000001
580,Norte II,USF PLANICIE DAS MANGUEIRAS,Aplicação de Vitamina A,Unidade de Saúde Familiar,-5.7487232,-35.27043700000001
581,Norte II,USF PLANICIE DAS MANGUEIRAS,Distribuição de Suplemento Sulfato Ferroso,Unidade de Saúde Familiar,-5.7487232,-35.27043700000001
582,Norte II,USF PLANICIE DAS MANGUEIRAS,Teste Rápido,Unidade de Saúde Familiar,-5.7487232,-35.27043700000001
583,Norte II,USF PLANICIE DAS MANGUEIRAS,Sorologia de gestantes,Unidade de Saúde Familiar,-5.7487232,-35.27043700000001
584,Norte II,USF PLANICIE DAS MANGUEIRAS,Emissão do Cartão SUS,Unidade de Saúde Familiar,-5.7487232,-35.27043700000001
585,Norte II,USF PLANICIE DAS MANGUEIRAS,Consulta médico Generalista (ESF),Unidade de Saúde Familiar,-5.7487232,-35.27043700000001
586,Norte II,USF PLANICIE DAS MANGUEIRAS,Consulta Enfermagem,Unidade de Saúde Familiar,-5.7487232,-35.27043700000001
587,Norte II,USF PLANICIE DAS MANGUEIRAS,Consulta Odontologica,Unidade de Saúde Familiar,-5.7487232,-35.27043700000001
588,Norte II,USF PLANICIE DAS MANGUEIRAS,Pré-Natal,Unidade de Saúde Familiar,-5.7487232,-35.27043700000001
589,Norte II,USF PLANICIE DAS MANGUEIRAS,Grupo de Idosos,Unidade de Saúde Familiar,-5.7487232,-35.27043700000001
590,Norte II,USF PLANICIE DAS MANGUEIRAS,Grupo de Adolescente (Escola),Unidade de Saúde Familiar,-5.7487232,-35.27043700000001
591,Norte II,USF PLANICIE DAS MANGUEIRAS,Grupo de Gestantes,Unidade de Saúde Familiar,-5.7487232,-35.27043700000001
592,Norte II,USF PLANICIE DAS MANGUEIRAS,Grupo de Hipertensos,Unidade de Saúde Familiar,-5.7487232,-35.27043700000001
593,Norte II,USF PLANICIE DAS MANGUEIRAS,Grupo de Diabéticos,Unidade de Saúde Familiar,-5.7487232,-35.27043700000001
594,Norte II,USF PLANICIE DAS MANGUEIRAS,CD Coletivo,Unidade de Saúde Familiar,-5.7487232,-35.27043700000001
595,Norte II,USF POTENGI,Imunização,Unidade de Saúde Familiar,-5.7555966,-35.2408222
596,Norte II,USF POTENGI,Curativo,Unidade de Saúde Familiar,-5.7555966,-35.2408222
597,Norte II,USF POTENGI,Nebulização,Unidade de Saúde Familiar,-5.7555966,-35.2408222
598,Norte II,USF POTENGI,Retirada de Pontos,Unidade de Saúde Familiar,-5.7555966,-35.2408222
599,Norte II,USF POTENGI,Injeções,Unidade de Saúde Familiar,-5.7555966,-35.2408222
600,Norte II,USF POTENGI,Teste do Pezinho,Unidade de Saúde Familiar,-5.7555966,-35.2408222
601,Norte II,USF POTENGI,Exame Citopatológico do Colo de Útero (Preventivo),Unidade de Saúde Familiar,-5.7555966,-35.2408222
602,Norte II,USF POTENGI,BCG,Unidade de Saúde Familiar,-5.7555966,-35.2408222
603,Norte II,USF POTENGI,Aplicação de Vitamina A,Unidade de Saúde Familiar,-5.7555966,-35.2408222
604,Norte II,USF POTENGI,Distribuição de Suplemento Sulfato Ferroso,Unidade de Saúde Familiar,-5.7555966,-35.2408222
605,Norte II,USF POTENGI,Teste Rápido,Unidade de Saúde Familiar,-5.7555966,-35.2408222
606,Norte II,USF POTENGI,Sorologia de gestantes,Unidade de Saúde Familiar,-5.7555966,-35.2408222
607,Norte II,USF POTENGI,Consulta médico Generalista (ESF),Unidade de Saúde Familiar,-5.7555966,-35.2408222
608,Norte II,USF POTENGI,Consulta Enfermagem,Unidade de Saúde Familiar,-5.7555966,-35.2408222
609,Norte II,USF POTENGI,Consulta Odontologica,Unidade de Saúde Familiar,-5.7555966,-35.2408222
610,Norte II,USF POTENGI,Pré-Natal,Unidade de Saúde Familiar,-5.7555966,-35.2408222
611,Norte II,USF POTENGI,Grupo de Idosos,Unidade de Saúde Familiar,-5.7555966,-35.2408222
612,Norte II,USF POTENGI,Grupo de Adolescente (Escola),Unidade de Saúde Familiar,-5.7555966,-35.2408222
613,Norte II,USF POTENGI,Grupo de Gestantes,Unidade de Saúde Familiar,-5.7555966,-35.2408222
614,Norte II,USF POTENGI,Grupo de Hipertensos,Unidade de Saúde Familiar,-5.7555966,-35.2408222
615,Norte II,USF POTENGI,Grupo de Diabéticos,Unidade de Saúde Familiar,-5.7555966,-35.2408222
616,Norte II,USF POTENGI,Grupo de Caminhada,Unidade de Saúde Familiar,-5.7555966,-35.2408222
617,Norte II,USF POTENGI,CD Coletivo,Unidade de Saúde Familiar,-5.7555966,-35.2408222
618,Norte II,USF POTENGI,Atividade Física,Unidade de Saúde Familiar,-5.7555966,-35.2408222
619,Norte II,USF POTENGI,Fisioterapia,Unidade de Saúde Familiar,-5.7555966,-35.2408222
620,Norte II,USF SANTA CATARINA,Imunização,Unidade de Saúde Familiar,-5.7567787,-35.2605728
621,Norte II,USF SANTA CATARINA,Curativo,Unidade de Saúde Familiar,-5.7567787,-35.2605728
622,Norte II,USF SANTA CATARINA,Nebulização,Unidade de Saúde Familiar,-5.7567787,-35.2605728
623,Norte II,USF SANTA CATARINA,Retirada de Pontos,Unidade de Saúde Familiar,-5.7567787,-35.2605728
624,Norte II,USF SANTA CATARINA,Injeções,Unidade de Saúde Familiar,-5.7567787,-35.2605728
625,Norte II,USF SANTA CATARINA,Teste do Pezinho,Unidade de Saúde Familiar,-5.7567787,-35.2605728
626,Norte II,USF SANTA CATARINA,Exame Citopatológico do Colo de Útero (Preventivo),Unidade de Saúde Familiar,-5.7567787,-35.2605728
627,Norte II,USF SANTA CATARINA,BCG,Unidade de Saúde Familiar,-5.7567787,-35.2605728
628,Norte II,USF SANTA CATARINA,Aplicação de Vitamina A,Unidade de Saúde Familiar,-5.7567787,-35.2605728
629,Norte II,USF SANTA CATARINA,Distribuição de Suplemento Sulfato Ferroso,Unidade de Saúde Familiar,-5.7567787,-35.2605728
630,Norte II,USF SANTA CATARINA,Teste Rápido,Unidade de Saúde Familiar,-5.7567787,-35.2605728
631,Norte II,USF SANTA CATARINA,Sorologia de gestantes,Unidade de Saúde Familiar,-5.7567787,-35.2605728
632,Norte II,USF SANTA CATARINA,Consulta médico Generalista (ESF),Unidade de Saúde Familiar,-5.7567787,-35.2605728
633,Norte II,USF SANTA CATARINA,Consulta Enfermagem,Unidade de Saúde Familiar,-5.7567787,-35.2605728
634,Norte II,USF SANTA CATARINA,Consulta Odontologica,Unidade de Saúde Familiar,-5.7567787,-35.2605728
635,Norte II,USF SANTA CATARINA,Pré-Natal,Unidade de Saúde Familiar,-5.7567787,-35.2605728
636,Norte II,USF SANTA CATARINA,Tai chi chuan,Unidade de Saúde Familiar,-5.7567787,-35.2605728
637,Norte II,USF SANTA CATARINA,Grupo de Idosos,Unidade de Saúde Familiar,-5.7567787,-35.2605728
638,Norte II,USF SANTA CATARINA,Grupo de Adolescente (Escola),Unidade de Saúde Familiar,-5.7567787,-35.2605728
639,Norte II,USF SANTA CATARINA,Grupo de Gestantes,Unidade de Saúde Familiar,-5.7567787,-35.2605728
640,Norte II,USF SANTA CATARINA,Grupo de Hipertensos,Unidade de Saúde Familiar,-5.7567787,-35.2605728
641,Norte II,USF SANTA CATARINA,Grupo de Diabéticos,Unidade de Saúde Familiar,-5.7567787,-35.2605728
642,Norte II,USF SANTA CATARINA,CD Coletivo,Unidade de Saúde Familiar,-5.7567787,-35.2605728
643,Norte II,USF SANTA CATARINA,Terapia comunitária,Unidade de Saúde Familiar,-5.7567787,-35.2605728
644,Norte II,USF SANTA CATARINA,Grupo de Artesanato,Unidade de Saúde Familiar,-5.7567787,-35.2605728
645,Norte II,USF SANTAREM,Imunização,Unidade de Saúde Familiar,-5.7394227,-35.2522757
646,Norte II,USF SANTAREM,Curativo,Unidade de Saúde Familiar,-5.7394227,-35.2522757
647,Norte II,USF SANTAREM,Nebulização,Unidade de Saúde Familiar,-5.7394227,-35.2522757
648,Norte II,USF SANTAREM,Retirada de Pontos,Unidade de Saúde Familiar,-5.7394227,-35.2522757
649,Norte II,USF SANTAREM,Injeções,Unidade de Saúde Familiar,-5.7394227,-35.2522757
650,Norte II,USF SANTAREM,Teste do Pezinho,Unidade de Saúde Familiar,-5.7394227,-35.2522757
651,Norte II,USF SANTAREM,Exame Citopatológico do Colo de Útero (Preventivo),Unidade de Saúde Familiar,-5.7394227,-35.2522757
652,Norte II,USF SANTAREM,PPD,Unidade de Saúde Familiar,-5.7394227,-35.2522757
653,Norte II,USF SANTAREM,BCG,Unidade de Saúde Familiar,-5.7394227,-35.2522757
654,Norte II,USF SANTAREM,Aplicação de Vitamina A,Unidade de Saúde Familiar,-5.7394227,-35.2522757
655,Norte II,USF SANTAREM,Distribuição de Suplemento Sulfato Ferroso,Unidade de Saúde Familiar,-5.7394227,-35.2522757
656,Norte II,USF SANTAREM,Teste Rápido,Unidade de Saúde Familiar,-5.7394227,-35.2522757
657,Norte II,USF SANTAREM,Sorologia de gestantes,Unidade de Saúde Familiar,-5.7394227,-35.2522757
658,Norte II,USF SANTAREM,Consulta médico Generalista (ESF),Unidade de Saúde Familiar,-5.7394227,-35.2522757
659,Norte II,USF SANTAREM,Consulta Enfermagem,Unidade de Saúde Familiar,-5.7394227,-35.2522757
660,Norte II,USF SANTAREM,Consulta Odontologica,Unidade de Saúde Familiar,-5.7394227,-35.2522757
661,Norte II,USF SANTAREM,Pré-Natal,Unidade de Saúde Familiar,-5.7394227,-35.2522757
662,Norte II,USF SANTAREM,Acupuntura,Unidade de Saúde Familiar,-5.7394227,-35.2522757
663,Norte II,USF SANTAREM,Fitoterapia,Unidade de Saúde Familiar,-5.7394227,-35.2522757
664,Norte II,USF SANTAREM,Tai chi chuan,Unidade de Saúde Familiar,-5.7394227,-35.2522757
665,Norte II,USF SANTAREM,Florais,Unidade de Saúde Familiar,-5.7394227,-35.2522757
666,Norte II,USF SANTAREM,Vivências lúdicas integrativas,Unidade de Saúde Familiar,-5.7394227,-35.2522757
667,Norte II,USF SANTAREM,Grupo de Idosos,Unidade de Saúde Familiar,-5.7394227,-35.2522757
668,Norte II,USF SANTAREM,Grupo de Adolescente (Escola),Unidade de Saúde Familiar,-5.7394227,-35.2522757
669,Norte II,USF SANTAREM,Grupo de Gestantes,Unidade de Saúde Familiar,-5.7394227,-35.2522757
670,Norte II,USF SANTAREM,Grupo de Hipertensos,Unidade de Saúde Familiar,-5.7394227,-35.2522757
671,Norte II,USF SANTAREM,Grupo de Diabéticos,Unidade de Saúde Familiar,-5.7394227,-35.2522757
672,Norte II,USF SANTAREM,Grupo de Dança,Unidade de Saúde Familiar,-5.7394227,-35.2522757
673,Norte II,USF SANTAREM,Grupo de Caminhada,Unidade de Saúde Familiar,-5.7394227,-35.2522757
674,Norte II,USF SANTAREM,CD Coletivo,Unidade de Saúde Familiar,-5.7394227,-35.2522757
675,Norte II,USF SOLEDADE I,Imunização,Unidade de Saúde Familiar,-5.7498341,-35.2545462
676,Norte II,USF SOLEDADE I,Nebulização,Unidade de Saúde Familiar,-5.7498341,-35.2545462
677,Norte II,USF SOLEDADE I,Retirada de Pontos,Unidade de Saúde Familiar,-5.7498341,-35.2545462
678,Norte II,USF SOLEDADE I,Injeções,Unidade de Saúde Familiar,-5.7498341,-35.2545462
679,Norte II,USF SOLEDADE I,Teste do Pezinho,Unidade de Saúde Familiar,-5.7498341,-35.2545462
680,Norte II,USF SOLEDADE I,Exame Citopatológico do Colo de Útero (Preventivo),Unidade de Saúde Familiar,-5.7498341,-35.2545462
681,Norte II,USF SOLEDADE I,Aplicação de Vitamina A,Unidade de Saúde Familiar,-5.7498341,-35.2545462
682,Norte II,USF SOLEDADE I,Distribuição de Suplemento Sulfato Ferroso,Unidade de Saúde Familiar,-5.7498341,-35.2545462
683,Norte II,USF SOLEDADE I,Teste Rápido,Unidade de Saúde Familiar,-5.7498341,-35.2545462
684,Norte II,USF SOLEDADE I,Sorologia de gestantes,Unidade de Saúde Familiar,-5.7498341,-35.2545462
685,Norte II,USF SOLEDADE I,Consulta médico Generalista (ESF),Unidade de Saúde Familiar,-5.7498341,-35.2545462
686,Norte II,USF SOLEDADE I,Consulta Enfermagem,Unidade de Saúde Familiar,-5.7498341,-35.2545462
687,Norte II,USF SOLEDADE I,Consulta Odontologica,Unidade de Saúde Familiar,-5.7498341,-35.2545462
688,Norte II,USF SOLEDADE I,Pré-Natal,Unidade de Saúde Familiar,-5.7498341,-35.2545462
689,Norte II,USF SOLEDADE I,Grupo de Crianças,Unidade de Saúde Familiar,-5.7498341,-35.2545462
690,Norte II,USF SOLEDADE I,Grupo de Adolescente (Escola),Unidade de Saúde Familiar,-5.7498341,-35.2545462
691,Norte II,USF SOLEDADE I,Grupo de Gestantes,Unidade de Saúde Familiar,-5.7498341,-35.2545462
692,Norte II,USF SOLEDADE I,Grupo de Caminhada,Unidade de Saúde Familiar,-5.7498341,-35.2545462
693,Norte II,USF SOLEDADE I,Viva Mais,Unidade de Saúde Familiar,-5.7498341,-35.2545462
694,Norte II,USF SOLEDADE I,Atividade Física,Unidade de Saúde Familiar,-5.7498341,-35.2545462
695,Norte II,USF SOLEDADE I,Tenda do Conto,Unidade de Saúde Familiar,-5.7498341,-35.2545462
696,Norte II,USF SOLEDADE II,Imunização,Unidade de Saúde Familiar,-5.7498341,-35.2545462
697,Norte II,USF SOLEDADE II,Curativo,Unidade de Saúde Familiar,-5.7498341,-35.2545462
698,Norte II,USF SOLEDADE II,Nebulização,Unidade de Saúde Familiar,-5.7498341,-35.2545462
699,Norte II,USF SOLEDADE II,Retirada de Pontos,Unidade de Saúde Familiar,-5.7498341,-35.2545462
700,Norte II,USF SOLEDADE II,Injeções,Unidade de Saúde Familiar,-5.7498341,-35.2545462
701,Norte II,USF SOLEDADE II,Teste do Pezinho,Unidade de Saúde Familiar,-5.7498341,-35.2545462
702,Norte II,USF SOLEDADE II,Exame Citopatológico do Colo de Útero (Preventivo),Unidade de Saúde Familiar,-5.7498341,-35.2545462
703,Norte II,USF SOLEDADE II,Aplicação de Vitamina A,Unidade de Saúde Familiar,-5.7498341,-35.2545462
704,Norte II,USF SOLEDADE II,Distribuição de Suplemento Sulfato Ferroso,Unidade de Saúde Familiar,-5.7498341,-35.2545462
705,Norte II,USF SOLEDADE II,Teste Rápido,Unidade de Saúde Familiar,-5.7498341,-35.2545462
706,Norte II,USF SOLEDADE II,Sorologia de gestantes,Unidade de Saúde Familiar,-5.7498341,-35.2545462
707,Norte II,USF SOLEDADE II,Consulta médico Generalista (ESF),Unidade de Saúde Familiar,-5.7498341,-35.2545462
708,Norte II,USF SOLEDADE II,Consulta Enfermagem,Unidade de Saúde Familiar,-5.7498341,-35.2545462
709,Norte II,USF SOLEDADE II,Consulta Odontologica,Unidade de Saúde Familiar,-5.7498341,-35.2545462
710,Norte II,USF SOLEDADE II,Pré-Natal,Unidade de Saúde Familiar,-5.7498341,-35.2545462
711,Norte II,USF SOLEDADE II,Grupo de Idosos,Unidade de Saúde Familiar,-5.7498341,-35.2545462
712,Norte II,USF SOLEDADE II,Grupo de Adolescente (Escola),Unidade de Saúde Familiar,-5.7498341,-35.2545462
713,Norte II,USF SOLEDADE II,Grupo de Gestantes,Unidade de Saúde Familiar,-5.7498341,-35.2545462
714,Norte II,USF SOLEDADE II,Grupo de Hipertensos,Unidade de Saúde Familiar,-5.7498341,-35.2545462
715,Norte II,USF SOLEDADE II,Grupo de Diabéticos,Unidade de Saúde Familiar,-5.7498341,-35.2545462
716,Norte II,USF SOLEDADE II,Grupo de Dança,Unidade de Saúde Familiar,-5.7498341,-35.2545462
717,Norte II,USF SOLEDADE II,Grupo de Caminhada,Unidade de Saúde Familiar,-5.7498341,-35.2545462
718,Norte II,USF SOLEDADE II,CD Coletivo,Unidade de Saúde Familiar,-5.7498341,-35.2545462
719,Norte II,USF SOLEDADE II,Atividade Física,Unidade de Saúde Familiar,-5.7498341,-35.2545462
720,Norte II,USF SOLEDADE II,Grupo de Artesanato,Unidade de Saúde Familiar,-5.7498341,-35.2545462
721,Norte II,USF SOLEDADE II,RNAlfabetizado,Unidade de Saúde Familiar,-5.7498341,-35.2545462
722,Norte II,USF VALE DOURADO,Imunização,Unidade de Saúde Familiar,-5.7621547,-35.2710431
723,Norte II,USF VALE DOURADO,Curativo,Unidade de Saúde Familiar,-5.7621547,-35.2710431
724,Norte II,USF VALE DOURADO,Nebulização,Unidade de Saúde Familiar,-5.7621547,-35.2710431
725,Norte II,USF VALE DOURADO,Retirada de Pontos,Unidade de Saúde Familiar,-5.7621547,-35.2710431
726,Norte II,USF VALE DOURADO,Injeções,Unidade de Saúde Familiar,-5.7621547,-35.2710431
727,Norte II,USF VALE DOURADO,Teste do Pezinho,Unidade de Saúde Familiar,-5.7621547,-35.2710431
728,Norte II,USF VALE DOURADO,Exame Citopatológico do Colo de Útero (Preventivo),Unidade de Saúde Familiar,-5.7621547,-35.2710431
729,Norte II,USF VALE DOURADO,PPD,Unidade de Saúde Familiar,-5.7621547,-35.2710431
730,Norte II,USF VALE DOURADO,BCG,Unidade de Saúde Familiar,-5.7621547,-35.2710431
731,Norte II,USF VALE DOURADO,Aplicação de Vitamina A,Unidade de Saúde Familiar,-5.7621547,-35.2710431
732,Norte II,USF VALE DOURADO,Distribuição de Suplemento Sulfato Ferroso,Unidade de Saúde Familiar,-5.7621547,-35.2710431
733,Norte II,USF VALE DOURADO,Sorologia de gestantes,Unidade de Saúde Familiar,-5.7621547,-35.2710431
734,Norte II,USF VALE DOURADO,Emissão do Cartão SUS,Unidade de Saúde Familiar,-5.7621547,-35.2710431
735,Norte II,USF VALE DOURADO,Consulta médico Generalista (ESF),Unidade de Saúde Familiar,-5.7621547,-35.2710431
736,Norte II,USF VALE DOURADO,Consulta Enfermagem,Unidade de Saúde Familiar,-5.7621547,-35.2710431
737,Norte II,USF VALE DOURADO,Consulta Odontologica,Unidade de Saúde Familiar,-5.7621547,-35.2710431
738,Norte II,USF VALE DOURADO,Pré-Natal,Unidade de Saúde Familiar,-5.7621547,-35.2710431
739,Norte II,USF VALE DOURADO,Grupo de Idosos,Unidade de Saúde Familiar,-5.7621547,-35.2710431
740,Norte II,USF VALE DOURADO,Grupo de Gestantes,Unidade de Saúde Familiar,-5.7621547,-35.2710431
741,Norte II,USF VALE DOURADO,Grupo de Hipertensos,Unidade de Saúde Familiar,-5.7621547,-35.2710431
742,Norte II,USF VALE DOURADO,Grupo de Diabéticos,Unidade de Saúde Familiar,-5.7621547,-35.2710431
743,Norte II,USF VALE DOURADO,CD Coletivo,Unidade de Saúde Familiar,-5.7621547,-35.2710431
744,Norte II,USF VALE DOURADO,Terapia Saúde Mental,Unidade de Saúde Familiar,-5.7621547,-35.2710431
745,Oeste,USF BAIRRO NORDESTE,Curativo,Unidade de Saúde Familiar,-5.7974638,-35.242465
746,Oeste,USF BAIRRO NORDESTE,Retirada de Pontos,Unidade de Saúde Familiar,-5.7974638,-35.242465
747,Oeste,USF BAIRRO NORDESTE,Teste do Pezinho,Unidade de Saúde Familiar,-5.7974638,-35.242465
748,Oeste,USF BAIRRO NORDESTE,Exame Citopatológico do Colo de Útero (Preventivo),Unidade de Saúde Familiar,-5.7974638,-35.242465
749,Oeste,USF BAIRRO NORDESTE,Aplicação de Vitamina A,Unidade de Saúde Familiar,-5.7974638,-35.242465
750,Oeste,USF BAIRRO NORDESTE,Distribuição de Suplemento Sulfato Ferroso,Unidade de Saúde Familiar,-5.7974638,-35.242465
751,Oeste,USF BAIRRO NORDESTE,Teste Rápido,Unidade de Saúde Familiar,-5.7974638,-35.242465
752,Oeste,USF BAIRRO NORDESTE,Sorologia de gestantes,Unidade de Saúde Familiar,-5.7974638,-35.242465
753,Oeste,USF BAIRRO NORDESTE,Emissão do Cartão SUS,Unidade de Saúde Familiar,-5.7974638,-35.242465
754,Oeste,USF BAIRRO NORDESTE,Consulta médico Generalista (ESF),Unidade de Saúde Familiar,-5.7974638,-35.242465
755,Oeste,USF BAIRRO NORDESTE,Consulta Enfermagem,Unidade de Saúde Familiar,-5.7974638,-35.242465
756,Oeste,USF BAIRRO NORDESTE,Consulta Odontologica,Unidade de Saúde Familiar,-5.7974638,-35.242465
757,Oeste,USF BAIRRO NORDESTE,Consulta de Psicologia,Unidade de Saúde Familiar,-5.7974638,-35.242465
758,Oeste,USF BAIRRO NORDESTE,Teste do Pé Diabético,Unidade de Saúde Familiar,-5.7974638,-35.242465
759,Oeste,USF BOM PASTOR,Curativo,,-5.8096899,-35.2354167
760,Oeste,USF BOM PASTOR,Nebulização,,-5.8096899,-35.2354167
761,Oeste,USF BOM PASTOR,Retirada de Pontos,,-5.8096899,-35.2354167
762,Oeste,USF BOM PASTOR,Teste do Pezinho,,-5.8096899,-35.2354167
763,Oeste,USF BOM PASTOR,Exame Citopatológico do Colo de Útero (Preventivo),,-5.8096899,-35.2354167
764,Oeste,USF BOM PASTOR,BCG,,-5.8096899,-35.2354167
765,Oeste,USF BOM PASTOR,Aplicação de Vitamina A,,-5.8096899,-35.2354167
766,Oeste,USF BOM PASTOR,Distribuição de Suplemento Sulfato Ferroso,,-5.8096899,-35.2354167
767,Oeste,USF BOM PASTOR,Teste Rápido,,-5.8096899,-35.2354167
768,Oeste,USF BOM PASTOR,Sorologia de gestantes,,-5.8096899,-35.2354167
769,Oeste,USF BOM PASTOR,Emissão do Cartão SUS,,-5.8096899,-35.2354167
770,Oeste,USF BOM PASTOR,Consulta médico Generalista (ESF),,-5.8096899,-35.2354167
771,Oeste,USF BOM PASTOR,Consulta Clinico Geral,,-5.8096899,-35.2354167
772,Oeste,USF BOM PASTOR,Consulta Pediatria,,-5.8096899,-35.2354167
773,Oeste,USF BOM PASTOR,Consulta Ginecologia,,-5.8096899,-35.2354167
774,Oeste,USF BOM PASTOR,Consulta Enfermagem,,-5.8096899,-35.2354167
775,Oeste,USF BOM PASTOR,Consulta Odontologica,,-5.8096899,-35.2354167
776,Oeste,USF BOM PASTOR,Consulta de Psicologia,,-5.8096899,-35.2354167
777,Oeste,USF BOM PASTOR,Meditação terapêutica,,-5.8096899,-35.2354167
778,Oeste,USF BOM PASTOR,"Yoga, Liang gong",,-5.8096899,-35.2354167
779,Oeste,USF CIDADE NOVA,Curativo,,-5.8342563,-35.2445041
780,Oeste,USF CIDADE NOVA,Retirada de Pontos,,-5.8342563,-35.2445041
781,Oeste,USF CIDADE NOVA,Teste do Pezinho,,-5.8342563,-35.2445041
782,Oeste,USF CIDADE NOVA,Exame Citopatológico do Colo de Útero (Preventivo),,-5.8342563,-35.2445041
783,Oeste,USF CIDADE NOVA,BCG,,-5.8342563,-35.2445041
784,Oeste,USF CIDADE NOVA,Aplicação de Vitamina A,,-5.8342563,-35.2445041
785,Oeste,USF CIDADE NOVA,Distribuição de Suplemento Sulfato Ferroso,,-5.8342563,-35.2445041
786,Oeste,USF CIDADE NOVA,Teste Rápido,,-5.8342563,-35.2445041
787,Oeste,USF CIDADE NOVA,Sorologia de gestantes,,-5.8342563,-35.2445041
788,Oeste,USF CIDADE NOVA,Emissão do Cartão SUS,,-5.8342563,-35.2445041
789,Oeste,USF CIDADE NOVA,Consulta médico Generalista (ESF),,-5.8342563,-35.2445041
790,Oeste,USF CIDADE NOVA,Consulta Enfermagem,,-5.8342563,-35.2445041
791,Oeste,USF CIDADE NOVA,Consulta Odontologica,,-5.8342563,-35.2445041
792,Oeste,USF CIDADE NOVA,Consulta Nutrição,,-5.8342563,-35.2445041
793,Oeste,USF CIDADE NOVA,Atividade Física,,-5.8342563,-35.2445041
794,Oeste,USF CIDADE NOVA,Urgência na Atenção Básica,,-5.8342563,-35.2445041
795,Oeste,USF FELIPE CAMARAO II,Curativo,,,
796,Oeste,USF FELIPE CAMARAO II,Retirada de Pontos,,,
797,Oeste,USF FELIPE CAMARAO II,Teste do Pezinho,,,
798,Oeste,USF FELIPE CAMARAO II,Exame Citopatológico do Colo de Útero (Preventivo),,,
799,Oeste,USF FELIPE CAMARAO II,BCG,,,
800,Oeste,USF FELIPE CAMARAO II,Aplicação de Vitamina A,,,
801,Oeste,USF FELIPE CAMARAO II,Distribuição de Suplemento Sulfato Ferroso,,,
802,Oeste,USF FELIPE CAMARAO II,Teste Rápido,,,
803,Oeste,USF FELIPE CAMARAO II,Emissão do Cartão SUS,,,
804,Oeste,USF FELIPE CAMARAO II,Consulta médico Generalista (ESF),,,
805,Oeste,USF FELIPE CAMARAO II,Consulta Clinico Geral,,,
806,Oeste,USF FELIPE CAMARAO II,Consulta Enfermagem,,,
807,Oeste,USF FELIPE CAMARAO II,Consulta Odontologica,,,
808,Oeste,USF FELIPE CAMARAO III,Curativo,,,
809,Oeste,USF FELIPE CAMARAO III,Retirada de Pontos,,,
810,Oeste,USF FELIPE CAMARAO III,Teste do Pezinho,,,
811,Oeste,USF FELIPE CAMARAO III,Exame Citopatológico do Colo de Útero (Preventivo),,,
812,Oeste,USF FELIPE CAMARAO III,BCG,,,
813,Oeste,USF FELIPE CAMARAO III,Aplicação de Vitamina A,,,
814,Oeste,USF FELIPE CAMARAO III,Teste Rápido,,,
815,Oeste,USF FELIPE CAMARAO III,Emissão do Cartão SUS,,,
816,Oeste,USF FELIPE CAMARAO III,Consulta médico Generalista (ESF),,,
817,Oeste,USF FELIPE CAMARAO III,Consulta Pediatria,,,
818,Oeste,USF FELIPE CAMARAO III,Consulta Enfermagem,,,
819,Oeste,USF FELIPE CAMARAO III,Consulta Odontologica,,,
820,Oeste,USF GUARAPES,Curativo,,-8.105444799999999,-34.9737772
821,Oeste,USF GUARAPES,Retirada de Pontos,,-8.105444799999999,-34.9737772
822,Oeste,USF GUARAPES,Teste do Pezinho,,-8.105444799999999,-34.9737772
823,Oeste,USF GUARAPES,Exame Citopatológico do Colo de Útero (Preventivo),,-8.105444799999999,-34.9737772
824,Oeste,USF GUARAPES,Aplicação de Vitamina A,,-8.105444799999999,-34.9737772
825,Oeste,USF GUARAPES,Teste Rápido,,-8.105444799999999,-34.9737772
826,Oeste,USF GUARAPES,Emissão do Cartão SUS,,-8.105444799999999,-34.9737772
827,Oeste,USF GUARAPES,Consulta médico Generalista (ESF),,-8.105444799999999,-34.9737772
828,Oeste,USF GUARAPES,Consulta Enfermagem,,-8.105444799999999,-34.9737772
829,Oeste,USF KM 6,Curativo,,-26.8297005,-55.3411771
830,Oeste,USF KM 7,Retirada de Pontos,,-25.5559132,-54.6582739
831,Oeste,USF KM 8,Teste do Pezinho,,28.0687011,-82.45578669999999
832,Oeste,USF KM 9,Exame Citopatológico do Colo de Útero (Preventivo),,-25.5305711,-54.69139029999999
833,Oeste,USF KM 10,Aplicação de Vitamina A,,-26.5971928,-54.9967888
834,Oeste,USF KM 11,Distribuição de Suplemento Sulfato Ferroso,,-26.8297005,-55.3411771
835,Oeste,USF KM 12,Teste Rápido,,-26.8297005,-55.3411771
836,Oeste,USF KM 13,Sorologia de gestantes,,-26.8297005,-55.3411771
837,Oeste,USF KM 14,Consulta médico Generalista (ESF),,-26.8297005,-55.3411771
838,Oeste,USF KM 15,Consulta Enfermagem,,-26.8297005,-55.3411771
839,Oeste,USF KM 16,Consulta Odontologica,,-26.6741904,-55.0867796
840,Oeste,USF KM 17,Meditação terapêutica,,-26.8297005,-55.3411771
841,Oeste,USF MONTE LIBANO,Curativo,,-5.807895500000001,-35.2417812
842,Oeste,USF MONTE LIBANO,Nebulização,,-5.807895500000001,-35.2417812
843,Oeste,USF MONTE LIBANO,Retirada de Pontos,,-5.807895500000001,-35.2417812
844,Oeste,USF MONTE LIBANO,Teste do Pezinho,,-5.807895500000001,-35.2417812
845,Oeste,USF MONTE LIBANO,Exame Citopatológico do Colo de Útero (Preventivo),,-5.807895500000001,-35.2417812
846,Oeste,USF MONTE LIBANO,Distribuição de Suplemento Sulfato Ferroso,,-5.807895500000001,-35.2417812
847,Oeste,USF MONTE LIBANO,Teste Rápido,,-5.807895500000001,-35.2417812
848,Oeste,USF MONTE LIBANO,Sorologia de gestantes,,-5.807895500000001,-35.2417812
849,Oeste,USF MONTE LIBANO,Emissão do Cartão SUS,,-5.807895500000001,-35.2417812
850,Oeste,USF MONTE LIBANO,Consulta médico Generalista (ESF),,-5.807895500000001,-35.2417812
851,Oeste,USF MONTE LIBANO,Consulta Enfermagem,,-5.807895500000001,-35.2417812
852,Oeste,USF MONTE LIBANO,Consulta Odontologica,,-5.807895500000001,-35.2417812
853,Oeste,USF MONTE LIBANO,Urgência na Atenção Básica,,-5.807895500000001,-35.2417812
854,Oeste,USF NAZARÉ,Curativo,,39.5957326,-9.069424399999999
855,Oeste,USF NAZARÉ,Retirada de Pontos,,39.5957326,-9.069424399999999
856,Oeste,USF NAZARÉ,Teste do Pezinho,,39.5957326,-9.069424399999999
857,Oeste,USF NAZARÉ,Exame Citopatológico do Colo de Útero (Preventivo),,39.5957326,-9.069424399999999
858,Oeste,USF NAZARÉ,PPD,,39.5957326,-9.069424399999999
859,Oeste,USF NAZARÉ,BCG,,39.5957326,-9.069424399999999
860,Oeste,USF NAZARÉ,Aplicação de Vitamina A,,39.5957326,-9.069424399999999
861,Oeste,USF NAZARÉ,Distribuição de Suplemento Sulfato Ferroso,,39.5957326,-9.069424399999999
862,Oeste,USF NAZARÉ,Teste Rápido,,39.5957326,-9.069424399999999
863,Oeste,USF NAZARÉ,Sorologia de gestantes,,39.5957326,-9.069424399999999
864,Oeste,USF NAZARÉ,Consulta médico Generalista (ESF),,39.5957326,-9.069424399999999
865,Oeste,USF NAZARÉ,Consulta Enfermagem,,39.5957326,-9.069424399999999
866,Oeste,USF NAZARÉ,Consulta Odontologica,,39.5957326,-9.069424399999999
867,Oeste,USF NAZARÉ,Consulta Nutrição,,39.5957326,-9.069424399999999
868,Oeste,USF NOVA CIDADE,Curativo,,-5.8342563,-35.2445041
869,Oeste,USF NOVA CIDADE,Teste do Pezinho,,-5.8342563,-35.2445041
870,Oeste,USF NOVA CIDADE,Exame Citopatológico do Colo de Útero (Preventivo),,-5.8342563,-35.2445041
871,Oeste,USF NOVA CIDADE,BCG,,-5.8342563,-35.2445041
872,Oeste,USF NOVA CIDADE,Aplicação de Vitamina A,,-5.8342563,-35.2445041
873,Oeste,USF NOVA CIDADE,Distribuição de Suplemento Sulfato Ferroso,,-5.8342563,-35.2445041
874,Oeste,USF NOVA CIDADE,Sorologia de gestantes,,-5.8342563,-35.2445041
875,Oeste,USF NOVA CIDADE,Consulta médico Generalista (ESF),,-5.8342563,-35.2445041
876,Oeste,USF NOVA CIDADE,Consulta Enfermagem,,-5.8342563,-35.2445041
877,Oeste,USF NOVA CIDADE,Consulta Odontologica,,-5.8342563,-35.2445041
878,Oeste,USF NOVA CIDADE,Consulta de Psicologia,,-5.8342563,-35.2445041
879,Oeste,USF NOVA CIDADE,Colposcopia,,-5.8342563,-35.2445041
880,Oeste,USF NOVA CIDADE,Terapia REIKI,,-5.8342563,-35.2445041
881,Oeste,USF NOVO HORIZONTE,Exame Citopatológico do Colo de Útero (Preventivo),,-22.178677,-49.922473
882,Oeste,USF NOVO HORIZONTE,Emissão do Cartão SUS,,-22.178677,-49.922473
883,Oeste,USF NOVO HORIZONTE,Consulta médico Generalista (ESF),,-22.178677,-49.922473
884,Oeste,USF NOVO HORIZONTE,Consulta Clinico Geral,,-22.178677,-49.922473
885,Oeste,USF NOVO HORIZONTE,Consulta Pediatria,,-22.178677,-49.922473
886,Oeste,USF NOVO HORIZONTE,Consulta Ginecologia,,-22.178677,-49.922473
887,Oeste,USF NOVO HORIZONTE,Consulta Enfermagem,,-22.178677,-49.922473
888,Oeste,USF NOVO HORIZONTE,Consulta Nutrição,,-22.178677,-49.922473
889,Oeste,USF QUINTAS II,Curativo,,,
890,Oeste,USF QUINTAS II,Nebulização,,,
891,Oeste,USF QUINTAS II,BCG,,,
892,Oeste,USF QUINTAS II,Colposcopia,,,
893,Oeste,USF QUINTAS II,Acupuntura,,,
894,Oeste,USF QUINTAS II,Bioeletrografia,,,
895,Oeste,USF QUINTAS II,Cromoterapia,,,
896,Oeste,USF QUINTAS II,Fluxoterapia,,,
897,Oeste,USF QUINTAS II,Meditação terapêutica,,,
898,Oeste,USF QUINTAS II,Shietssuterapia,,,
899,Oeste,USF QUINTAS II,Teste do Pé Diabético,,,
900,Sul,UBS CANDELARIA,Imunização,,,
901,Sul,UBS CANDELARIA,Curativo,,,
902,Sul,UBS CANDELARIA,Retirada de Pontos,,,
903,Sul,UBS CANDELARIA,Teste do Pezinho,,,
904,Sul,UBS CANDELARIA,Emissão do Cartão SUS,,,
905,Sul,UBS CANDELARIA,Consulta Clinico Geral,,,
906,Sul,UBS CANDELARIA,Consulta Pediatria,,,
907,Sul,UBS CANDELARIA,Consulta Ginecologia,,,
908,Sul,UBS CANDELARIA,Consulta Odontologica,,,
909,Sul,UBS CANDELARIA,Consulta Nutrição,,,
910,Sul,UBS CANDELARIA,Consulta de Psicologia,,,
911,Sul,UBS CANDELARIA,Consulta Assistente Social,,,
912,Sul,UBS CANDELARIA,Pré-Natal,,,
913,Sul,UBS CANDELARIA,CD Coletivo,,,
914,Sul,UBS CANDELARIA,Regulação,,,
915,Sul,UBS CANDELARIA,Esterelização,,,
916,Sul,UBS CIDADE SATELITE,Imunização,,-5.8582019,-35.241673
917,Sul,UBS CIDADE SATELITE,Curativo,,-5.8582019,-35.241673
918,Sul,UBS CIDADE SATELITE,Nebulização,,-5.8582019,-35.241673
919,Sul,UBS CIDADE SATELITE,Retirada de Pontos,,-5.8582019,-35.241673
920,Sul,UBS CIDADE SATELITE,Exame Citopatológico do Colo de Útero (Preventivo),,-5.8582019,-35.241673
921,Sul,UBS CIDADE SATELITE,BCG,,-5.8582019,-35.241673
922,Sul,UBS CIDADE SATELITE,Emissão do Cartão SUS,,-5.8582019,-35.241673
923,Sul,UBS CIDADE SATELITE,Consulta Clinico Geral,,-5.8582019,-35.241673
924,Sul,UBS CIDADE SATELITE,Consulta Pediatria,,-5.8582019,-35.241673
925,Sul,UBS CIDADE SATELITE,Consulta Ginecologia,,-5.8582019,-35.241673
926,Sul,UBS CIDADE SATELITE,Consulta Odontologica,,-5.8582019,-35.241673
927,Sul,UBS CIDADE SATELITE,Consulta Nutrição,,-5.8582019,-35.241673
928,Sul,UBS CIDADE SATELITE,Consulta de Psicologia,,-5.8582019,-35.241673
929,Sul,UBS CIDADE SATELITE,Consulta Assistente Social,,-5.8582019,-35.241673
930,Sul,UBS CIDADE SATELITE,Pré-Natal,,-5.8582019,-35.241673
931,Sul,UBS CIDADE SATELITE,CD Coletivo,,-5.8582019,-35.241673
932,Sul,UBS CIDADE SATELITE,Regulação,,-5.8582019,-35.241673
933,Sul,UBS JIQUI,Imunização,,-5.8657824,-35.2087328
934,Sul,UBS JIQUI,Exame Citopatológico do Colo de Útero (Preventivo),,-5.8657824,-35.2087328
935,Sul,UBS JIQUI,Emissão do Cartão SUS,,-5.8657824,-35.2087328
936,Sul,UBS JIQUI,Consulta Clinico Geral,,-5.8657824,-35.2087328
937,Sul,UBS JIQUI,Consulta Pediatria,,-5.8657824,-35.2087328
938,Sul,UBS JIQUI,Consulta Odontologica,,-5.8657824,-35.2087328
939,Sul,UBS JIQUI,Consulta Nutrição,,-5.8657824,-35.2087328
940,Sul,UBS JIQUI,Consulta Assistente Social,,-5.8657824,-35.2087328
941,Sul,UBS JIQUI,CD Coletivo,,-5.8657824,-35.2087328
942,Sul,UBS JIQUI,Regulação,,-5.8657824,-35.2087328
943,Sul,UBS MIRASSOL,Imunização,,-20.8285312,-49.49442740000001
944,Sul,UBS MIRASSOL,Curativo,,-20.8285312,-49.49442740000001
945,Sul,UBS MIRASSOL,Retirada de Pontos,,-20.8285312,-49.49442740000001
946,Sul,UBS MIRASSOL,Exame Citopatológico do Colo de Útero (Preventivo),,-20.8285312,-49.49442740000001
947,Sul,UBS MIRASSOL,Emissão do Cartão SUS,,-20.8285312,-49.49442740000001
948,Sul,UBS MIRASSOL,Consulta Clinico Geral,,-20.8285312,-49.49442740000001
949,Sul,UBS MIRASSOL,Consulta Pediatria,,-20.8285312,-49.49442740000001
950,Sul,UBS MIRASSOL,Consulta Ginecologia,,-20.8285312,-49.49442740000001
951,Sul,UBS MIRASSOL,Consulta Odontologica,,-20.8285312,-49.49442740000001
952,Sul,UBS MIRASSOL,Consulta Nutrição,,-20.8285312,-49.49442740000001
953,Sul,UBS MIRASSOL,Consulta de Psicologia,,-20.8285312,-49.49442740000001
954,Sul,UBS MIRASSOL,Consulta Assistente Social,,-20.8285312,-49.49442740000001
955,Sul,UBS MIRASSOL,Pré-Natal,,-20.8285312,-49.49442740000001
956,Sul,UBS MIRASSOL,CD Coletivo,,-20.8285312,-49.49442740000001
957,Sul,UBS MIRASSOL,Regulação,,-20.8285312,-49.49442740000001
958,Sul,UBS NOVA DESCOBERTA,Imunização,,-5.8255675,-35.2036225
959,Sul,UBS NOVA DESCOBERTA,Curativo,,-5.8255675,-35.2036225
960,Sul,UBS NOVA DESCOBERTA,Nebulização,,-5.8255675,-35.2036225
961,Sul,UBS NOVA DESCOBERTA,Retirada de Pontos,,-5.8255675,-35.2036225
962,Sul,UBS NOVA DESCOBERTA,Exame Citopatológico do Colo de Útero (Preventivo),,-5.8255675,-35.2036225
963,Sul,UBS NOVA DESCOBERTA,Emissão do Cartão SUS,,-5.8255675,-35.2036225
964,Sul,UBS NOVA DESCOBERTA,Consulta Clinico Geral,,-5.8255675,-35.2036225
965,Sul,UBS NOVA DESCOBERTA,Consulta Pediatria,,-5.8255675,-35.2036225
966,Sul,UBS NOVA DESCOBERTA,Consulta Ginecologia,,-5.8255675,-35.2036225
967,Sul,UBS NOVA DESCOBERTA,Consulta Odontologica,,-5.8255675,-35.2036225
968,Sul,UBS NOVA DESCOBERTA,Consulta Nutrição,,-5.8255675,-35.2036225
969,Sul,UBS NOVA DESCOBERTA,Consulta de Psicologia,,-5.8255675,-35.2036225
970,Sul,UBS NOVA DESCOBERTA,Consulta Assistente Social,,-5.8255675,-35.2036225
971,Sul,UBS NOVA DESCOBERTA,Pré-Natal,,-5.8255675,-35.2036225
972,Sul,UBS NOVA DESCOBERTA,CD Coletivo,,-5.8255675,-35.2036225
973,Sul,UBS NOVA DESCOBERTA,Regulação,,-5.8255675,-35.2036225
974,Sul,UBS NOVA DESCOBERTA,Esterelização,,-5.8255675,-35.2036225
975,Sul,UBS NOVA DESCOBERTA,Laboratório,,-5.8255675,-35.2036225
976,Sul,UBS PIRANGI,Imunização,,-5.870231599999999,-35.2079593
977,Sul,UBS PIRANGI,Curativo,,-5.870231599999999,-35.2079593
978,Sul,UBS PIRANGI,Nebulização,,-5.870231599999999,-35.2079593
979,Sul,UBS PIRANGI,Retirada de Pontos,,-5.870231599999999,-35.2079593
980,Sul,UBS PIRANGI,Exame Citopatológico do Colo de Útero (Preventivo),,-5.870231599999999,-35.2079593
981,Sul,UBS PIRANGI,Emissão do Cartão SUS,,-5.870231599999999,-35.2079593
982,Sul,UBS PIRANGI,Consulta Clinico Geral,,-5.870231599999999,-35.2079593
983,Sul,UBS PIRANGI,Consulta Pediatria,,-5.870231599999999,-35.2079593
984,Sul,UBS PIRANGI,Consulta Ginecologia,,-5.870231599999999,-35.2079593
985,Sul,UBS PIRANGI,Consulta Nutrição,,-5.870231599999999,-35.2079593
986,Sul,UBS PIRANGI,Consulta de Psicologia,,-5.870231599999999,-35.2079593
987,Sul,UBS PIRANGI,Pré-Natal,,-5.870231599999999,-35.2079593
988,Sul,UBS PIRANGI,CD Coletivo,,-5.870231599999999,-35.2079593
989,Sul,UBS PIRANGI,Regulação,,-5.870231599999999,-35.2079593
990,Sul,UBS PIRANGI,Esterelização,,-5.870231599999999,-35.2079593
991,Sul,UBS PONTA NEGRA,Imunização,,-5.8843777,-35.1725994
992,Sul,UBS PONTA NEGRA,Curativo,,-5.8843777,-35.1725994
993,Sul,UBS PONTA NEGRA,Nebulização,,-5.8843777,-35.1725994
994,Sul,UBS PONTA NEGRA,Retirada de Pontos,,-5.8843777,-35.1725994
995,Sul,UBS PONTA NEGRA,Exame Citopatológico do Colo de Útero (Preventivo),,-5.8843777,-35.1725994
996,Sul,UBS PONTA NEGRA,Emissão do Cartão SUS,,-5.8843777,-35.1725994
997,Sul,UBS PONTA NEGRA,Consulta Clinico Geral,,-5.8843777,-35.1725994
998,Sul,UBS PONTA NEGRA,Consulta Pediatria,,-5.8843777,-35.1725994
999,Sul,UBS PONTA NEGRA,Consulta Ginecologia,,-5.8843777,-35.1725994
1000,Sul,UBS PONTA NEGRA,Consulta Odontologica,,-5.8843777,-35.1725994
1001,Sul,UBS PONTA NEGRA,Consulta Nutrição,,-5.8843777,-35.1725994
1002,Sul,UBS PONTA NEGRA,Consulta de Psicologia,,-5.8843777,-35.1725994
1003,Sul,UBS PONTA NEGRA,Consulta Assistente Social,,-5.8843777,-35.1725994
1004,Sul,UBS PONTA NEGRA,Pré-Natal,,-5.8843777,-35.1725994
1005,Sul,UBS PONTA NEGRA,CD Coletivo,,-5.8843777,-35.1725994
1006,Sul,UBS PONTA NEGRA,Regulação,,-5.8843777,-35.1725994
1007,Sul,UBS PONTA NEGRA,Esterelização,,-5.8843777,-35.1725994
1008,Sul,UBS PONTA NEGRA,Laboratório,,-5.8843777,-35.1725994
1009,Sul,USF PLANALTO,Imunização,,-5.8587755,-35.2493923
1010,Sul,USF PLANALTO,Curativo,,-5.8587755,-35.2493923
1011,Sul,USF PLANALTO,Nebulização,,-5.8587755,-35.2493923
1012,Sul,USF PLANALTO,Retirada de Pontos,,-5.8587755,-35.2493923
1013,Sul,USF PLANALTO,Exame Citopatológico do Colo de Útero (Preventivo),,-5.8587755,-35.2493923
1014,Sul,USF PLANALTO,BCG,,-5.8587755,-35.2493923
1015,Sul,USF PLANALTO,Emissão do Cartão SUS,,-5.8587755,-35.2493923
1016,Sul,USF PLANALTO,Consulta médico Generalista (ESF),,-5.8587755,-35.2493923
1017,Sul,USF PLANALTO,Consulta Clinico Geral,,-5.8587755,-35.2493923
1018,Sul,USF PLANALTO,Consulta Odontologica,,-5.8587755,-35.2493923
1019,Sul,USF PLANALTO,Consulta Nutrição,,-5.8587755,-35.2493923
1020,Sul,USF PLANALTO,Pré-Natal,,-5.8587755,-35.2493923
1021,Sul,USF PLANALTO,CD Coletivo,,-5.8587755,-35.2493923
1022,Sul,USF PLANALTO,Regulação,,-5.8587755,-35.2493923
